<?xml version="1.0" encoding="utf-8" standalone="no"?>
<vehicle type="tractor" xmlns:xsi="http://www.w3.org/2001/XMLSchema-instance" xsi:noNamespaceSchemaLocation="../../../../shared/xml/schema/vehicle.xsd">

    <MR>true</MR>

    <!-- important

        differentials sytem has a hard time to stabilize in game = this is not adviseable to set value of 1 to try simulate a diff-lock.
        1. you will never obtain the behavior of a diff-lock (both wheels can still rotate at different speeds)
        2. you will get "stutters" in wheel speed because the differential system is not able to match the demanded 0 difference between both wheels
        3. you will lose a bunch of engine power when the differential system goes crazy (example : 200Hp tractor cultivating at 12kph and then not able to go past 6kph for unknown reason)

        recommandation for FWA (front wheel assist =most of the tractors) =
        - ratio of 3 for front wheels
        - ratio of 2 for rear wheels
        - ratio of 1.3 for center differential
        - torqueRatio of 35% front and 65% rear

    -->

    <parentFile xmlFilename="$data/vehicles/johnDeere/series3650/series3650.xml">
        <attributes>

            <set path="vehicle.wheels.wheelConfigurations.wheelConfiguration(0).wheels.wheel(0).physics#damper" value="13.6"/>
            <set path="vehicle.wheels.wheelConfigurations.wheelConfiguration(0).wheels.wheel(1).physics#damper" value="13.6"/>
            <set path="vehicle.wheels.wheelConfigurations.wheelConfiguration(0).wheels.wheel(2).physics#damper" value="13.9"/>
            <set path="vehicle.wheels.wheelConfigurations.wheelConfiguration(0).wheels.wheel(3).physics#damper" value="13.9"/>
            <set path="vehicle.wheels.wheelConfigurations.wheelConfiguration(0).wheels.wheel(0).physics#spring" value="63"/>
            <set path="vehicle.wheels.wheelConfigurations.wheelConfiguration(0).wheels.wheel(1).physics#spring" value="63"/>
            <set path="vehicle.wheels.wheelConfigurations.wheelConfiguration(0).wheels.wheel(2).physics#spring" value="84"/>
            <set path="vehicle.wheels.wheelConfigurations.wheelConfiguration(0).wheels.wheel(3).physics#spring" value="84"/>

            <!-- gsVehicleAnalyze fix -->
            <set path="vehicle.wheels.wheelConfigurations.wheelConfiguration(0).wheels.wheel(0).physics#restLoad" value="1.06"/>
            <set path="vehicle.wheels.wheelConfigurations.wheelConfiguration(0).wheels.wheel(1).physics#restLoad" value="1.06"/>
            <set path="vehicle.wheels.wheelConfigurations.wheelConfiguration(0).wheels.wheel(2).physics#restLoad" value="1.69"/>
            <set path="vehicle.wheels.wheelConfigurations.wheelConfiguration(0).wheels.wheel(3).physics#restLoad" value="1.69"/>

            <set path="vehicle.attacherJoints.attacherJoint(0)#lowerRotationOffset" value="-0.88"/>
            <set path="vehicle.attacherJoints.attacherJoint(0)#upperRotationOffset" value="-0.88"/>
            <set path="vehicle.attacherJoints.attacherJoint(0).distanceToGround#lower" value="0.322"/>
            <set path="vehicle.attacherJoints.attacherJoint(0).distanceToGround#upper" value="1.436"/>

            <set path="vehicle.attacherJoints.attacherJoint(1).distanceToGround#lower" value="0.516"/>

            <set path="vehicle.attacherJoints.attacherJoint(2).distanceToGround#lower" value="0.516"/>

            <set path="vehicle.attacherJoints.attacherJointConfigurations.attacherJointConfiguration(0).attacherJoint#lowerRotationOffset" value="0.88"/>
            <set path="vehicle.attacherJoints.attacherJointConfigurations.attacherJointConfiguration(0).attacherJoint#upperRotationOffset" value="0.88"/>
            <set path="vehicle.attacherJoints.attacherJointConfigurations.attacherJointConfiguration(0).attacherJoint.distanceToGround#lower" value="0.332"/>
            <set path="vehicle.attacherJoints.attacherJointConfigurations.attacherJointConfiguration(0).attacherJoint.distanceToGround#upper" value="1.034"/>

            <!-- end gsVehicleAnalyze -->

            <set path="vehicle.base.components.component(0)#centerOfMass" value="0 1 -0.4"/>
            <set path="vehicle.base.components.component(0)#mass" value="3700"/>
            <set path="vehicle.base.components.component(1)#mass" value="500"/>

            <set path="vehicle.motorized.differentialConfigurations.differentialConfiguration.differentials.differential(0)#maxSpeedRatio" value="1.3" />
            <set path="vehicle.motorized.differentialConfigurations.differentialConfiguration.differentials.differential(1)#maxSpeedRatio" value="1.3" />
            <set path="vehicle.motorized.differentialConfigurations.differentialConfiguration.differentials.differential(2)#maxSpeedRatio" value="1.3" />
            <set path="vehicle.motorized.differentialConfigurations.differentialConfiguration.differentials.differential(2)#torqueRatio" value="0.35" />

            <!-- 118 + 52 fuel tank -->
            <set path="vehicle.fillUnit.fillUnitConfigurations.fillUnitConfiguration(0).fillUnits.fillUnit(0)#capacity" value="170"/>
            <set path="vehicle.motorized.consumerConfigurations.consumerConfiguration(0).consumer(0)#usage" value="28.5"/> <!-- this engine is a little bit "opened" = more than factory setting -->

            <!-- front weight -->
            <remove path="vehicle.attacherJoints.attacherJointConfigurations.attacherJointConfiguration(1).objectChange(1)"/> <!--MR : no mass change between weight holder and front 3pt hitch => the 3pt hitch is not "massless" !-->
            <set path="vehicle.attacherJoints.attacherJointConfigurations.attacherJointConfiguration(1)#price" value="-1500"/>

            <remove path="vehicle.attacherJoints.attacherJointConfigurations.attacherJointConfiguration(2).objectChange(8)"/>
            <set path="vehicle.attacherJoints.attacherJointConfigurations.attacherJointConfiguration(2).objectChange(8)#node" value="series3650_main_component1"/>
            <set path="vehicle.attacherJoints.attacherJointConfigurations.attacherJointConfiguration(2).objectChange(8)#mrAddMassActive" value="240"/>
            <set path="vehicle.attacherJoints.attacherJointConfigurations.attacherJointConfiguration(2).objectChange(8)#mrAddMassCOMActive" value="0 0.78 2.05"/>

            <remove path="vehicle.attacherJoints.attacherJointConfigurations.attacherJointConfiguration(3).objectChange(8)"/>
            <set path="vehicle.attacherJoints.attacherJointConfigurations.attacherJointConfiguration(3).objectChange(8)#node" value="series3650_main_component1"/>
            <set path="vehicle.attacherJoints.attacherJointConfigurations.attacherJointConfiguration(3).objectChange(8)#mrAddMassActive" value="360"/>
            <set path="vehicle.attacherJoints.attacherJointConfigurations.attacherJointConfiguration(3).objectChange(8)#mrAddMassCOMActive" value="0 0.78 2.05"/>

            <remove path="vehicle.attacherJoints.attacherJointConfigurations.attacherJointConfiguration(4).objectChange(8)"/>
            <set path="vehicle.attacherJoints.attacherJointConfigurations.attacherJointConfiguration(4).objectChange(8)#node" value="series3650_main_component1"/>
            <set path="vehicle.attacherJoints.attacherJointConfigurations.attacherJointConfiguration(4).objectChange(8)#mrAddMassActive" value="480"/>
            <set path="vehicle.attacherJoints.attacherJointConfigurations.attacherJointConfiguration(4).objectChange(8)#mrAddMassCOMActive" value="0 0.78 2.05"/>

            <remove path="vehicle.attacherJoints.attacherJointConfigurations.attacherJointConfiguration(5).objectChange(7)"/>
            <set path="vehicle.attacherJoints.attacherJointConfigurations.attacherJointConfiguration(5).objectChange(7)#node" value="series3650_main_component1"/>
            <set path="vehicle.attacherJoints.attacherJointConfigurations.attacherJointConfiguration(5).objectChange(7)#mrAddMassActive" value="600"/>
            <set path="vehicle.attacherJoints.attacherJointConfigurations.attacherJointConfiguration(5).objectChange(7)#mrAddMassCOMActive" value="0 0.78 2.05"/>

            <remove path="vehicle.attacherJoints.attacherJointConfigurations.attacherJointConfiguration(6).objectChange(8)"/>
            <set path="vehicle.attacherJoints.attacherJointConfigurations.attacherJointConfiguration(6).objectChange(8)#node" value="series3650_main_component1"/>
            <set path="vehicle.attacherJoints.attacherJointConfigurations.attacherJointConfiguration(6).objectChange(8)#mrAddMassActive" value="720"/>
            <set path="vehicle.attacherJoints.attacherJointConfigurations.attacherJointConfiguration(6).objectChange(8)#mrAddMassCOMActive" value="0 0.78 2.05"/>

            <!-- 6359TL007 TURBO 5.9L engine and 16/8 power synchron gearbox (2 powershift) -->
            <remove path="vehicle.motorized.motorConfigurations.motorConfiguration(0).motor" />
            <set path="vehicle.motorized.motorConfigurations.motorConfiguration(0).motor#torqueScale" value="1"/>
            <set path="vehicle.motorized.motorConfigurations.motorConfiguration(0).motor#minRpm" value="800"/>
            <set path="vehicle.motorized.motorConfigurations.motorConfiguration(0).motor#maxRpm" value="2400"/>
            <set path="vehicle.motorized.motorConfigurations.motorConfiguration(0).motor#ptoMotorRpmRatio" value="4.0185"/>
            <set path="vehicle.motorized.motorConfigurations.motorConfiguration(0).motor#maxForwardSpeed" value="40"/>
            <set path="vehicle.motorized.motorConfigurations.motorConfiguration(0).motor#maxBackwardSpeed" value="14"/>
            <set path="vehicle.motorized.motorConfigurations.motorConfiguration(0).motor#brakeForce" value="3.5"/>

            <set path="vehicle.motorized.motorConfigurations.motorConfiguration(0).motor.torque(0)#rpm" value="800"/>
            <set path="vehicle.motorized.motorConfigurations.motorConfiguration(0).motor.torque(0)#torque" value="0.350"/>

            <set path="vehicle.motorized.motorConfigurations.motorConfiguration(0).motor.torque(1)#rpm" value="933"/>
            <set path="vehicle.motorized.motorConfigurations.motorConfiguration(0).motor.torque(1)#torque" value="0.375"/>

            <set path="vehicle.motorized.motorConfigurations.motorConfiguration(0).motor.torque(2)#rpm" value="1140"/>
            <set path="vehicle.motorized.motorConfigurations.motorConfiguration(0).motor.torque(2)#torque" value="0.437"/>

            <set path="vehicle.motorized.motorConfigurations.motorConfiguration(0).motor.torque(3)#rpm" value="1400"/>
            <set path="vehicle.motorized.motorConfigurations.motorConfiguration(0).motor.torque(3)#torque" value="0.473"/>

            <set path="vehicle.motorized.motorConfigurations.motorConfiguration(0).motor.torque(4)#rpm" value="2170"/>
            <set path="vehicle.motorized.motorConfigurations.motorConfiguration(0).motor.torque(4)#torque" value="0.402"/>

            <set path="vehicle.motorized.motorConfigurations.motorConfiguration(0).motor.torque(5)#rpm" value="2273"/>
            <set path="vehicle.motorized.motorConfigurations.motorConfiguration(0).motor.torque(5)#torque" value="0.369"/>

            <set path="vehicle.motorized.motorConfigurations.motorConfiguration(0).motor.torque(6)#rpm" value="2353"/>
            <set path="vehicle.motorized.motorConfigurations.motorConfiguration(0).motor.torque(6)#torque" value="0.319"/>

            <set path="vehicle.motorized.motorConfigurations.motorConfiguration(0).motor.torque(7)#rpm" value="2400"/>
            <set path="vehicle.motorized.motorConfigurations.motorConfiguration(0).motor.torque(7)#torque" value="0.281"/>

            <!-- nominal travel speed kph
                1L = 2.2
                1H = 2.7
                2L = 3.3
                2H = 4.0
                3L = 5.0
                3H = 6.2
                4L = 7.3
                4H = 8.9

                5L = 9.3
                5H = 11.4
                6L = 14.0
                6H = 17.1
                7L = 21.5
                7H = 26.4
                8L = 31.1
                8H = 38.1

                R1L = 3.3
                R1H = 4.1
                R2L = 5.0
                R2H = 6.2
                R3L = 7.7
                R3H = 9.5
                R4L = 11.2
                R4H = 13.7

            -->
            <remove path="vehicle.motorized.motorConfigurations.motorConfiguration(0).transmission" />

            <set path="vehicle.motorized.motorConfigurations.motorConfiguration(0).transmission#name" value="$l10n_info_transmission_manualWithPowerShiftGroups" />

            <set path="vehicle.motorized.motorConfigurations.motorConfiguration(0).transmission#autoGearChangeTime" value="1"/>
            <set path="vehicle.motorized.motorConfigurations.motorConfiguration(0).transmission#gearChangeTime" value="0.3"/>
            <set path="vehicle.motorized.motorConfigurations.motorConfiguration(0).transmission.directionChange#useGear" value="true"/>
            <set path="vehicle.motorized.motorConfigurations.motorConfiguration(0).transmission.directionChange#useGroup" value="false"/>
            <set path="vehicle.motorized.motorConfigurations.motorConfiguration(0).transmission.directionChange#changeTime" value="0.8"/>
            <set path="vehicle.motorized.motorConfigurations.motorConfiguration(0).transmission.directionChange#reverseGearIndex" value="3"/>


            <set path="vehicle.motorized.motorConfigurations.motorConfiguration(0).transmission.groups#type" value="POWERSHIFT"/>
            <set path="vehicle.motorized.motorConfigurations.motorConfiguration(0).transmission.groups#changeTime" value="0"/>
            <set path="vehicle.motorized.motorConfigurations.motorConfiguration(0).transmission.groups.group(0)#name" value="Lo"/>
            <set path="vehicle.motorized.motorConfigurations.motorConfiguration(0).transmission.groups.group(0)#ratio" value="1"/>
            <set path="vehicle.motorized.motorConfigurations.motorConfiguration(0).transmission.groups.group(1)#name" value="Hi"/>
            <set path="vehicle.motorized.motorConfigurations.motorConfiguration(0).transmission.groups.group(1)#ratio" value="1.225"/>

            <set path="vehicle.motorized.motorConfigurations.motorConfiguration(0).transmission.forwardGear(0)#name" value="I.1"/>
            <set path="vehicle.motorized.motorConfigurations.motorConfiguration(0).transmission.forwardGear(0)#maxSpeed" value="2.2"/>
            <set path="vehicle.motorized.motorConfigurations.motorConfiguration(0).transmission.forwardGear(0)#actionName" value="-"/>
            <set path="vehicle.motorized.motorConfigurations.motorConfiguration(0).transmission.forwardGear(1)#name" value="I.2"/>
            <set path="vehicle.motorized.motorConfigurations.motorConfiguration(0).transmission.forwardGear(1)#maxSpeed" value="3.3"/>
            <set path="vehicle.motorized.motorConfigurations.motorConfiguration(0).transmission.forwardGear(1)#actionName" value="-"/>
            <set path="vehicle.motorized.motorConfigurations.motorConfiguration(0).transmission.forwardGear(2)#name" value="I.3"/>
            <set path="vehicle.motorized.motorConfigurations.motorConfiguration(0).transmission.forwardGear(2)#maxSpeed" value="5.0"/>
            <set path="vehicle.motorized.motorConfigurations.motorConfiguration(0).transmission.forwardGear(2)#actionName" value="SHIFT_GEAR_SELECT_1"/>
            <set path="vehicle.motorized.motorConfigurations.motorConfiguration(0).transmission.forwardGear(3)#name" value="I.4"/>
            <set path="vehicle.motorized.motorConfigurations.motorConfiguration(0).transmission.forwardGear(3)#maxSpeed" value="7.3"/>
            <set path="vehicle.motorized.motorConfigurations.motorConfiguration(0).transmission.forwardGear(3)#actionName" value="SHIFT_GEAR_SELECT_2"/>
            <set path="vehicle.motorized.motorConfigurations.motorConfiguration(0).transmission.forwardGear(4)#name" value="II.1"/>
            <set path="vehicle.motorized.motorConfigurations.motorConfiguration(0).transmission.forwardGear(4)#maxSpeed" value="9.3"/>
            <set path="vehicle.motorized.motorConfigurations.motorConfiguration(0).transmission.forwardGear(4)#actionName" value="SHIFT_GEAR_SELECT_3"/>
            <set path="vehicle.motorized.motorConfigurations.motorConfiguration(0).transmission.forwardGear(4)#defaultGear" value="True"/>
            <set path="vehicle.motorized.motorConfigurations.motorConfiguration(0).transmission.forwardGear(5)#name" value="II.2"/>
            <set path="vehicle.motorized.motorConfigurations.motorConfiguration(0).transmission.forwardGear(5)#maxSpeed" value="14.0"/>
            <set path="vehicle.motorized.motorConfigurations.motorConfiguration(0).transmission.forwardGear(5)#actionName" value="SHIFT_GEAR_SELECT_4"/>
            <set path="vehicle.motorized.motorConfigurations.motorConfiguration(0).transmission.forwardGear(6)#name" value="II.3"/>
            <set path="vehicle.motorized.motorConfigurations.motorConfiguration(0).transmission.forwardGear(6)#maxSpeed" value="21.5"/>
            <set path="vehicle.motorized.motorConfigurations.motorConfiguration(0).transmission.forwardGear(6)#actionName" value="SHIFT_GEAR_SELECT_5"/>
            <set path="vehicle.motorized.motorConfigurations.motorConfiguration(0).transmission.forwardGear(7)#name" value="II.4"/>
            <set path="vehicle.motorized.motorConfigurations.motorConfiguration(0).transmission.forwardGear(7)#maxSpeed" value="31.1"/>
            <set path="vehicle.motorized.motorConfigurations.motorConfiguration(0).transmission.forwardGear(7)#actionName" value="SHIFT_GEAR_SELECT_6"/>

            <set path="vehicle.motorized.motorConfigurations.motorConfiguration(0).transmission.backwardGear(0)#name" value="R1"/>
            <set path="vehicle.motorized.motorConfigurations.motorConfiguration(0).transmission.backwardGear(0)#maxSpeed" value="3.3"/>
            <set path="vehicle.motorized.motorConfigurations.motorConfiguration(0).transmission.backwardGear(1)#name" value="R2"/>
            <set path="vehicle.motorized.motorConfigurations.motorConfiguration(0).transmission.backwardGear(1)#maxSpeed" value="5.0"/>
            <set path="vehicle.motorized.motorConfigurations.motorConfiguration(0).transmission.backwardGear(2)#name" value="R3"/>
            <set path="vehicle.motorized.motorConfigurations.motorConfiguration(0).transmission.backwardGear(2)#maxSpeed" value="7.7"/>
            <set path="vehicle.motorized.motorConfigurations.motorConfiguration(0).transmission.backwardGear(3)#name" value="R4"/>
            <set path="vehicle.motorized.motorConfigurations.motorConfiguration(0).transmission.backwardGear(3)#maxSpeed" value="11.2"/>

            <!-- range I II R -->
            <set path="vehicle.motorized.gearLevers.gearLever(0)#changeTime" value="0.5"/>
            <set path="vehicle.motorized.gearLevers.gearLever(0).state(0)#group" value=""/>
            <set path="vehicle.motorized.gearLevers.gearLever(0).state(0)#gear" value="1"/>
            <set path="vehicle.motorized.gearLevers.gearLever(0).state(0)#xRot" value="5"/>
            <set path="vehicle.motorized.gearLevers.gearLever(0).state(1)#group" value=""/>
            <set path="vehicle.motorized.gearLevers.gearLever(0).state(1)#gear" value="2"/>
            <set path="vehicle.motorized.gearLevers.gearLever(0).state(1)#xRot" value="5"/>
            <set path="vehicle.motorized.gearLevers.gearLever(0).state(2)#group" value=""/>
            <set path="vehicle.motorized.gearLevers.gearLever(0).state(2)#gear" value="3"/>
            <set path="vehicle.motorized.gearLevers.gearLever(0).state(2)#xRot" value="5"/>
            <set path="vehicle.motorized.gearLevers.gearLever(0).state(2)#zRot" value="0"/>
            <set path="vehicle.motorized.gearLevers.gearLever(0).state(3)#gear" value="4"/>
            <set path="vehicle.motorized.gearLevers.gearLever(0).state(3)#xRot" value="5"/>
            <set path="vehicle.motorized.gearLevers.gearLever(0).state(4)#gear" value="5"/>
            <set path="vehicle.motorized.gearLevers.gearLever(0).state(4)#xRot" value="5"/>
            <set path="vehicle.motorized.gearLevers.gearLever(0).state(4)#zRot" value="5"/>
            <set path="vehicle.motorized.gearLevers.gearLever(0).state(5)#gear" value="6"/>
            <set path="vehicle.motorized.gearLevers.gearLever(0).state(5)#xRot" value="5"/>
            <set path="vehicle.motorized.gearLevers.gearLever(0).state(5)#zRot" value="5"/>
            <set path="vehicle.motorized.gearLevers.gearLever(0).state(6)#gear" value="7"/>
            <set path="vehicle.motorized.gearLevers.gearLever(0).state(6)#xRot" value="5"/>
            <set path="vehicle.motorized.gearLevers.gearLever(0).state(6)#zRot" value="5"/>
            <set path="vehicle.motorized.gearLevers.gearLever(0).state(7)#gear" value="8"/>
            <set path="vehicle.motorized.gearLevers.gearLever(0).state(7)#xRot" value="5"/>
            <set path="vehicle.motorized.gearLevers.gearLever(0).state(7)#zRot" value="5"/>

            <set path="vehicle.motorized.gearLevers.gearLever(0).state(8)#gear" value="-1"/>
            <set path="vehicle.motorized.gearLevers.gearLever(0).state(8)#xRot" value="-10"/>
            <set path="vehicle.motorized.gearLevers.gearLever(0).state(9)#gear" value="-2"/>
            <set path="vehicle.motorized.gearLevers.gearLever(0).state(9)#xRot" value="-10"/>
            <set path="vehicle.motorized.gearLevers.gearLever(0).state(10)#gear" value="-3"/>
            <set path="vehicle.motorized.gearLevers.gearLever(0).state(10)#xRot" value="-10"/>
            <set path="vehicle.motorized.gearLevers.gearLever(0).state(11)#gear" value="-4"/>
            <set path="vehicle.motorized.gearLevers.gearLever(0).state(11)#xRot" value="-10"/>

            <!-- gear 1 2 3 4 -->
            <set path="vehicle.motorized.gearLevers.gearLever(1)#changeTime" value="0.4"/>
            <set path="vehicle.motorized.gearLevers.gearLever(1).state(2)#xRot" value="-10"/>
            <set path="vehicle.motorized.gearLevers.gearLever(1).state(3)#xRot" value="10"/>
            <set path="vehicle.motorized.gearLevers.gearLever(1).state(3)#zRot" value="4.5"/>
            <set path="vehicle.motorized.gearLevers.gearLever(1).state(4)#zRot" value="4.5"/>
            <set path="vehicle.motorized.gearLevers.gearLever(1).state(5)#zRot" value="-4.5"/>
            <set path="vehicle.motorized.gearLevers.gearLever(1).state(6)#xRot" value="-10"/>
            <set path="vehicle.motorized.gearLevers.gearLever(1).state(6)#zRot" value="-4.5"/>
            <set path="vehicle.motorized.gearLevers.gearLever(1).state(7)#xRot" value="10"/>

            <set path="vehicle.motorized.gearLevers.gearLever(1).state(9)#gear" value="-1"/>
            <set path="vehicle.motorized.gearLevers.gearLever(1).state(9)#xRot" value="10"/>
            <set path="vehicle.motorized.gearLevers.gearLever(1).state(9)#zRot" value="-4.5"/>
            <set path="vehicle.motorized.gearLevers.gearLever(1).state(10)#gear" value="-2"/>
            <set path="vehicle.motorized.gearLevers.gearLever(1).state(10)#xRot" value="-10"/>
            <set path="vehicle.motorized.gearLevers.gearLever(1).state(10)#zRot" value="-4.5"/>
            <set path="vehicle.motorized.gearLevers.gearLever(1).state(11)#gear" value="-3"/>
            <set path="vehicle.motorized.gearLevers.gearLever(1).state(11)#xRot" value="10"/>
            <set path="vehicle.motorized.gearLevers.gearLever(1).state(11)#zRot" value="4.5"/>
            <set path="vehicle.motorized.gearLevers.gearLever(1).state(12)#gear" value="-4"/>
            <set path="vehicle.motorized.gearLevers.gearLever(1).state(12)#xRot" value="-10"/>
            <set path="vehicle.motorized.gearLevers.gearLever(1).state(12)#zRot" value="4.5"/>

            <set path="vehicle.motorized.gearLevers.gearLever(2)#changeTime" value="0.2"/>
            <set path="vehicle.motorized.gearLevers.gearLever(2).state(0)#gear" value=""/>
            <set path="vehicle.motorized.gearLevers.gearLever(2).state(0)#group" value="1"/>
            <set path="vehicle.motorized.gearLevers.gearLever(2).state(0)#xRot" value="-4"/>
            <set path="vehicle.motorized.gearLevers.gearLever(2).state(1)#gear" value=""/>
            <set path="vehicle.motorized.gearLevers.gearLever(2).state(1)#group" value="2"/>
            <set path="vehicle.motorized.gearLevers.gearLever(2).state(1)#xRot" value="6"/>
            <remove path="vehicle.motorized.gearLevers.gearLever(2).state(2)" />
            <remove path="vehicle.motorized.gearLevers.gearLever(2).state(3)" />
            <remove path="vehicle.motorized.gearLevers.gearLever(2).state(4)" />
            <remove path="vehicle.motorized.gearLevers.gearLever(2).state(5)" />
            <remove path="vehicle.motorized.gearLevers.gearLever(2).state(6)" />
            <remove path="vehicle.motorized.gearLevers.gearLever(2).state(7)" />
            <remove path="vehicle.motorized.gearLevers.gearLever(2).state(8)" />

            <!-- attacher joint rot limit -->
            <set path="vehicle.attacherJoints.attacherJoint(1)#lowerRotLimit" value="25 67 50"/>
            <set path="vehicle.attacherJoints.attacherJoint(2)#lowerRotLimit" value="25 63 50"/>

            <!-- rpm needle -->
            <set path="vehicle.motorized.dashboards.dashboard(2)#maxValueAnim" value="2600"/>
            <set path="vehicle.animations.animation(1).part(0)#endTime" value="0.307"/>
            <set path="vehicle.animations.animation(1).part(1)#startTime" value="0.307"/>
            <set path="vehicle.animations.animation(1).part(1)#endRot" value="0 -175 0"/>

        </attributes>
    </parentFile>

</vehicle>