<?xml version="1.0" encoding="utf-8" standalone="no" ?>
<vehicles>

    <!-- cars -->
    <vehicle fileNameToOverride="data/vehicles/aprilia/rx125/rx125.xml">vehicles/aprilia/rx125.xml</vehicle>
    <vehicle fileNameToOverride="data/vehicles/international/series200/series200.xml">vehicles/international/series200.xml</vehicle>
    <vehicle fileNameToOverride="data/vehicles/lizard/pickup2017/pickup2017.xml">vehicles/lizard/pickup2017.xml</vehicle>
    <vehicle fileNameToOverride="data/vehicles/piaggio/ape50/ape50.xml">vehicles/piaggio/ape50.xml</vehicle>

    <!-- combine harvesters-->
    <vehicle fileNameToOverride="data/vehicles/masseyFerguson/mf8570/mf8570.xml">vehicles/masseyFerguson/mf8570.xml</vehicle>
    <vehicle fileNameToOverride="data/vehicles/masseyFerguson/mf8570Header/mf8570Header.xml">vehicles/masseyFerguson/mf8570Header.xml</vehicle>
    <vehicle fileNameToOverride="data/vehicles/claas/evion450/evion450.xml">vehicles/claas/evion450.xml</vehicle>
    <vehicle fileNameToOverride="data/vehicles/claas/vario620/vario620.xml">vehicles/claas/vario620.xml</vehicle>

    <!-- cultivators -->
    <vehicle fileNameToOverride="data/vehicles/lemken/smaragd9_500k/smaragd9_500k.xml">vehicles/lemken/smaragd9_500k.xml</vehicle>
    <vehicle fileNameToOverride="data/vehicles/johnDeere/cultivator980/cultivator980.xml">vehicles/johnDeere/cultivator980.xml</vehicle>
    <vehicle fileNameToOverride="data/vehicles/vaderstad/carrierXL625/carrierXL625.xml">vehicles/vaderstad/carrierXL625.xml</vehicle>
    <vehicle fileNameToOverride="data/vehicles/knoche/ecoCultivator300/ecoCultivator300.xml">vehicles/knoche/ecoCultivator300.xml</vehicle>
    <vehicle fileNameToOverride="data/vehicles/amazone/cenio4000/cenio4000.xml">vehicles/amazone/cenio4000.xml</vehicle>
    <vehicle fileNameToOverride="data/vehicles/poettinger/terria6040/terria6040.xml">vehicles/poettinger/terria6040.xml</vehicle>

    <!-- fertilizer spreaders -->
    <vehicle fileNameToOverride="data/vehicles/amazone/zats3200/zats3200.xml">vehicles/amazone/zats3200.xml</vehicle>
    <vehicle fileNameToOverride="data/vehicles/bredal/k105/k105.xml">vehicles/bredal/k105.xml</vehicle>

    <!-- frontloader tools -->
    <vehicle fileNameToOverride="data/vehicles/albutt/frontloaderManureGrab/frontloaderManureGrab.xml">vehicles/albutt/frontloaderManureGrab.xml</vehicle>

    <!-- misc -->
    <vehicle fileNameToOverride="data/vehicles/kaercher/hds9184M/hds9184M.xml">vehicles/kaercher/hds9184M.xml</vehicle>

    <!-- ploughs  -->
    <vehicle fileNameToOverride="data/vehicles/agromasz/pov5xl/pov5xl.xml">vehicles/agromasz/pov5xl.xml</vehicle>
    <vehicle fileNameToOverride="data/vehicles/poettinger/servo25/servo25.xml">vehicles/poettinger/servo25.xml</vehicle>
    <vehicle fileNameToOverride="data/vehicles/poettinger/servoT6000Plus/servoT6000Plus.xml">vehicles/poettinger/servoT6000Plus.xml</vehicle>

    <!-- power harrows  -->
    <vehicle fileNameToOverride="data/vehicles/horsch/versa3KR/kredo.xml">vehicles/horsch/kredo.xml</vehicle>

    <!-- seeders -->
    <vehicle fileNameToOverride="data/vehicles/greatPlains/seeder1500/seeder1500.xml">vehicles/greatPlains/seeder1500.xml</vehicle>

    <!-- spaders -->
    <vehicle fileNameToOverride="data/vehicles/farmax/rapidTrailed/rapidTrailed.xml">vehicles/farmax/rapidTrailed.xml</vehicle>

    <!-- sprayers -->
    <vehicle fileNameToOverride="data/vehicles/agrifac/condorEndurance2/condorEndurance2.xml">vehicles/agrifac/condorEndurance2.xml</vehicle>
    <vehicle fileNameToOverride="data/vehicles/hardi/mega1200L/mega1200L.xml">vehicles/hardi/mega1200L.xml</vehicle>
    <vehicle fileNameToOverride="data/vehicles/hardi/mega1200L/mega1200LTank.xml">vehicles/hardi/mega1200LTank.xml</vehicle>
    <vehicle fileNameToOverride="data/vehicles/hardi/aeon5200/aeon5200.xml">vehicles/hardi/aeon5200.xml</vehicle>

    <!-- tractors -->
    <vehicle fileNameToOverride="data/vehicles/caseIH/farmall120C/farmall120C.xml">vehicles/caseIH/farmall120C.xml</vehicle>
    <vehicle fileNameToOverride="data/vehicles/challenger/mt655/mt655.xml">vehicles/challenger/mt655.xml</vehicle>
    <vehicle fileNameToOverride="data/vehicles/johnDeere/series3650/series3650.xml">vehicles/johnDeere/series3650.xml</vehicle>
    <vehicle fileNameToOverride="data/vehicles/landini/seriesREX4/seriesREX4.xml">vehicles/landini/seriesREX4.xml</vehicle>

    <!-- trailers -->
    <vehicle fileNameToOverride="data/vehicles/brantner/tr34090/tr34090.xml">vehicles/brantner/tr34090.xml</vehicle>
    <vehicle fileNameToOverride="data/vehicles/farmtech/ddk2400/ddk2400.xml">vehicles/farmtech/ddk2400.xml</vehicle>
    <vehicle fileNameToOverride="data/vehicles/farmtech/edk650/edk650.xml">vehicles/farmtech/edk650.xml</vehicle>
    <vehicle fileNameToOverride="data/vehicles/krampe/sks30_150/sks30_150.xml">vehicles/krampe/sks30_150.xml</vehicle>

    <!-- trucks -->
    <vehicle fileNameToOverride="data/vehicles/volvo/fh16/fh16.xml">vehicles/volvo/fh16.xml</vehicle>
    <vehicle fileNameToOverride="data/vehicles/lizard/multiPurposeTruck/multiPurposeTruck.xml">vehicles/lizard/multiPurposeTruck.xml</vehicle>

    <!-- water trailers -->
    <vehicle fileNameToOverride="data/vehicles/abi/waterTrailer550/waterTrailer550.xml">vehicles/abi/waterTrailer550.xml</vehicle>

    <!-- weeders -->
    <vehicle fileNameToOverride="data/vehicles/einboeck/pneumaticstarPro1200/pneumaticstarPro1200.xml">vehicles/einboeck/pneumaticstarPro1200.xml</vehicle>
    <vehicle fileNameToOverride="data/vehicles/gorenc/puler600/puler600.xml">vehicles/gorenc/puler600.xml</vehicle>
    <vehicle fileNameToOverride="data/vehicles/poettinger/rotocareV12400/rotocareV12400.xml">vehicles/poettinger/rotocareV12400.xml</vehicle>

    <!-- wood crusher -->
    <vehicle fileNameToOverride="data/vehicles/heizomat/hm10500KF/hm10500KF.xml">vehicles/heizomat/hm10500KF.xml</vehicle>
    <vehicle fileNameToOverride="data/vehicles/jenz/cobraHybrid/cobraHybrid.xml">vehicles/jenz/cobraHybrid.xml</vehicle>

    <!-- DLC Plains & Prairies -->
    <vehicle fileNameToOverride="vehicles/versatile/series900/series900.xml" keepGenuineEnvironment="true">vehicles/versatile/series900.xml</vehicle>
    <vehicle fileNameToOverride="vehicles/ford/versatile976/versatile976.xml" keepGenuineEnvironment="true">vehicles/ford/versatile976.xml</vehicle>
    <vehicle fileNameToOverride="vehicles/versatile/series1156/series1156.xml" keepGenuineEnvironment="true">vehicles/versatile/series1156.xml</vehicle>
    <vehicle fileNameToOverride="vehicles/ford/versatile1156/versatile1156.xml" keepGenuineEnvironment="true">vehicles/ford/versatile1156.xml</vehicle>

</vehicles>