<?xml version="1.0" encoding="utf-8" standalone="no"?>
<vehicle type="weeder" xmlns:xsi="http://www.w3.org/2001/XMLSchema-instance" xsi:noNamespaceSchemaLocation="../../../../shared/xml/schema/vehicle.xsd">

    <MR>true</MR>
    <mrPowerConsumer forcePointY="0" />

    <!--
    base weight with levelling plank: 668kilos

    alignToWorldY = look totally weird and unrealistic, especially while working in sloped fields => remove

    -->

    <parentFile xmlFilename="$data/vehicles/gorenc/puler600/puler600.xml">
        <attributes>

            <set path="vehicle.base.components.component(0)#mass" value="620" />
            <set path="vehicle.base.components.component(0)#centerOfMass" value="0 0.3 0.15" />

            <set path="vehicle.powerConsumer#maxForce" value="11" />

            <set path="vehicle.attachable.inputAttacherJoints.inputAttacherJoint(0)#upperRotationOffset" value="10" />
            <set path="vehicle.attachable.inputAttacherJoints.inputAttacherJoint(0)#mrLowerRotationOffset" value="0" />
            <set path="vehicle.attachable.inputAttacherJoints.inputAttacherJoint(0).distanceToGround#upper" value = "0.75" />
            <set path="vehicle.attachable.inputAttacherJoints.inputAttacherJoint(0)#lowerRotLimitScale" value="0.05 0 0" />

            <set path="vehicle.wheels.wheelConfigurations.wheelConfiguration(0).wheels.wheel(0).physics#rotationDamping" value="0.0001"/>
            <set path="vehicle.wheels.wheelConfigurations.wheelConfiguration(0).wheels.wheel(1).physics#rotationDamping" value="0.0001"/>
            <set path="vehicle.wheels.wheelConfigurations.wheelConfiguration(0).wheels.wheel(2).physics#rotationDamping" value="0.0001"/>
            <set path="vehicle.wheels.wheelConfigurations.wheelConfiguration(0).wheels.wheel(3).physics#rotationDamping" value="0.0001"/>

            <set path="vehicle.wheels.wheelConfigurations.wheelConfiguration(0).wheels.wheel(0).physics#suspTravel" value="0.06"/>
            <set path="vehicle.wheels.wheelConfigurations.wheelConfiguration(0).wheels.wheel(1).physics#suspTravel" value="0.06"/>
            <set path="vehicle.wheels.wheelConfigurations.wheelConfiguration(0).wheels.wheel(2).physics#suspTravel" value="0.06"/>
            <set path="vehicle.wheels.wheelConfigurations.wheelConfiguration(0).wheels.wheel(3).physics#suspTravel" value="0.06"/>

            <set path="vehicle.wheels.wheelConfigurations.wheelConfiguration(0).wheels.wheel(0).physics#spring" value="4"/>
            <set path="vehicle.wheels.wheelConfigurations.wheelConfiguration(0).wheels.wheel(1).physics#spring" value="4"/>
            <set path="vehicle.wheels.wheelConfigurations.wheelConfiguration(0).wheels.wheel(2).physics#spring" value="4"/>
            <set path="vehicle.wheels.wheelConfigurations.wheelConfiguration(0).wheels.wheel(3).physics#spring" value="4"/>

            <set path="vehicle.cylindered.movingParts.movingPart(1)#alignToWorldY" value="false"/>
            <set path="vehicle.cylindered.movingParts.movingPart(3)#alignToWorldY" value="false"/>
            <set path="vehicle.cylindered.movingParts.movingPart(5)#alignToWorldY" value="false"/>

        </attributes>
    </parentFile>

</vehicle>