<?xml version="1.0" encoding="utf-8" standalone="no" ?>
<vehicle type="fertilizingSowingMachine" xmlns:xsi="http://www.w3.org/2001/XMLSchema-instance" xsi:noNamespaceSchemaLocation="../../../../shared/xml/schema/vehicle.xsd">

    <MR>true</MR>
    <mrPowerConsumer forcePointY="0.4" forcePointZ="-0.4" />

    <!--

        optima RS
        9.3m wide chassis

        air brake

        optima SX sowing unit => up to 18kph !

        230kg max ground pressure per unit

        60L seed tank per unit
        2000L fertilizer tank

        about 3750kg


    -->

    <parentFile xmlFilename="$data/vehicles/kverneland/optimaRS9m/optimaRS9m.xml">
        <attributes>

            <set path="vehicle.base.components.component(0)#mass" value="2400" />
            <set path="vehicle.base.components.component(0)#centerOfMass" value="0 0.8 0.18" />

            <set path="vehicle.base.speedLimit#value" value="18" />

            <set path="vehicle.attachable.brakeForce#force" value="1" />

            <!-- 0.01 to prevent the tool from moving by itself when detached -->
            <set path="vehicle.wheels.wheelConfigurations.wheelConfiguration(0).wheels.wheel(0).physics#brakeFactor" value="0.01"/>
            <set path="vehicle.wheels.wheelConfigurations.wheelConfiguration(0).wheels.wheel(1).physics#brakeFactor" value="0.01"/>
            <set path="vehicle.wheels.wheelConfigurations.wheelConfiguration(0).wheels.wheel(2).physics#brakeFactor" value="0.01"/>
            <set path="vehicle.wheels.wheelConfigurations.wheelConfiguration(0).wheels.wheel(3).physics#brakeFactor" value="0.01"/>
            <set path="vehicle.wheels.wheelConfigurations.wheelConfiguration(0).wheels.wheel(0).physics#yOffset" value="0.03"/>
            <set path="vehicle.wheels.wheelConfigurations.wheelConfiguration(0).wheels.wheel(1).physics#yOffset" value="0.03"/>
            <set path="vehicle.wheels.wheelConfigurations.wheelConfiguration(0).wheels.wheel(2).physics#yOffset" value="0.03"/>
            <set path="vehicle.wheels.wheelConfigurations.wheelConfiguration(0).wheels.wheel(3).physics#yOffset" value="0.03"/>
            <set path="vehicle.wheels.wheelConfigurations.wheelConfiguration(0).wheels.wheel(0).physics#spring" value="50"/>
            <set path="vehicle.wheels.wheelConfigurations.wheelConfiguration(0).wheels.wheel(1).physics#spring" value="50"/>
            <set path="vehicle.wheels.wheelConfigurations.wheelConfiguration(0).wheels.wheel(2).physics#spring" value="50"/>
            <set path="vehicle.wheels.wheelConfigurations.wheelConfiguration(0).wheels.wheel(3).physics#spring" value="50"/>
            <set path="vehicle.wheels.wheelConfigurations.wheelConfiguration(0).wheels.wheel(0).physics#damper" value="20"/>
            <set path="vehicle.wheels.wheelConfigurations.wheelConfiguration(0).wheels.wheel(1).physics#damper" value="20"/>
            <set path="vehicle.wheels.wheelConfigurations.wheelConfiguration(0).wheels.wheel(2).physics#damper" value="20"/>
            <set path="vehicle.wheels.wheelConfigurations.wheelConfiguration(0).wheels.wheel(3).physics#damper" value="20"/>

            <set path="vehicle.wheels.wheelConfigurations.wheelConfiguration(0).wheels.wheel(4).physics#spring" value="120"/>
            <set path="vehicle.wheels.wheelConfigurations.wheelConfiguration(0).wheels.wheel(5).physics#spring" value="120"/>
            <set path="vehicle.wheels.wheelConfigurations.wheelConfiguration(0).wheels.wheel(4).physics#damper" value="2"/>
            <set path="vehicle.wheels.wheelConfigurations.wheelConfiguration(0).wheels.wheel(5).physics#damper" value="2"/>
            <set path="vehicle.wheels.wheelConfigurations.wheelConfiguration(0).wheels.wheel(4).physics#brakeFactor" value="1"/>
            <set path="vehicle.wheels.wheelConfigurations.wheelConfiguration(0).wheels.wheel(5).physics#brakeFactor" value="1"/>
            <set path="vehicle.wheels.wheelConfigurations.wheelConfiguration(0).wheels.wheel(4).physics#restLoad" value="1.2"/>
            <set path="vehicle.wheels.wheelConfigurations.wheelConfiguration(0).wheels.wheel(5).physics#restLoad" value="1.9"/>

            <set path="vehicle.wheels.wheelConfigurations.wheelConfiguration(0).wheels.wheel(6).physics#brakeFactor" value="0"/>
            <set path="vehicle.wheels.wheelConfigurations.wheelConfiguration(0).wheels.wheel(7).physics#brakeFactor" value="0"/>
            <set path="vehicle.wheels.wheelConfigurations.wheelConfiguration(0).wheels.wheel(8).physics#brakeFactor" value="0"/>
            <set path="vehicle.wheels.wheelConfigurations.wheelConfiguration(0).wheels.wheel(6).physics#spring" value="50"/>
            <set path="vehicle.wheels.wheelConfigurations.wheelConfiguration(0).wheels.wheel(7).physics#spring" value="50"/>
            <set path="vehicle.wheels.wheelConfigurations.wheelConfiguration(0).wheels.wheel(8).physics#spring" value="50"/>
            <set path="vehicle.wheels.wheelConfigurations.wheelConfiguration(0).wheels.wheel(6).physics#suspTravel" value="0.15"/>
            <set path="vehicle.wheels.wheelConfigurations.wheelConfiguration(0).wheels.wheel(7).physics#suspTravel" value="0.15"/>
            <set path="vehicle.wheels.wheelConfigurations.wheelConfiguration(0).wheels.wheel(8).physics#suspTravel" value="0.15"/>
            <set path="vehicle.wheels.wheelConfigurations.wheelConfiguration(0).wheels.wheel(6).physics#width" value="0.6"/>
            <set path="vehicle.wheels.wheelConfigurations.wheelConfiguration(0).wheels.wheel(7).physics#width" value="0.6"/>
            <set path="vehicle.wheels.wheelConfigurations.wheelConfiguration(0).wheels.wheel(8).physics#width" value="0.6"/>
            <set path="vehicle.wheels.wheelConfigurations.wheelConfiguration(0).wheels.wheel(6).physics#damper" value="40"/>
            <set path="vehicle.wheels.wheelConfigurations.wheelConfiguration(0).wheels.wheel(7).physics#damper" value="40"/>
            <set path="vehicle.wheels.wheelConfigurations.wheelConfiguration(0).wheels.wheel(8).physics#damper" value="40"/>
            <set path="vehicle.wheels.wheelConfigurations.wheelConfiguration(0).wheels.wheel(6).physics#supportsWheelSink" value="false"/>
            <set path="vehicle.wheels.wheelConfigurations.wheelConfiguration(0).wheels.wheel(7).physics#supportsWheelSink" value="false"/>
            <set path="vehicle.wheels.wheelConfigurations.wheelConfiguration(0).wheels.wheel(8).physics#supportsWheelSink" value="false"/>
            <set path="vehicle.wheels.wheelConfigurations.wheelConfiguration(0).wheels.wheel(6).physics#mrFrictionScale" value="0.5"/>
            <set path="vehicle.wheels.wheelConfigurations.wheelConfiguration(0).wheels.wheel(7).physics#mrFrictionScale" value="0.5"/>
            <set path="vehicle.wheels.wheelConfigurations.wheelConfiguration(0).wheels.wheel(8).physics#mrFrictionScale" value="0.5"/>


            <!-- work -->
            <set path="vehicle.attachable.inputAttacherJoints.inputAttacherJoint(0).objectChange(0)#massActive" value="10" />
            <set path="vehicle.attachable.inputAttacherJoints.inputAttacherJoint(0).objectChange(0)#massInactive" value="800" />
            <set path="vehicle.attachable.inputAttacherJoints.inputAttacherJoint(0).objectChange(1)#massActive" value="3190" />
            <set path="vehicle.attachable.inputAttacherJoints.inputAttacherJoint(0).objectChange(1)#massInactive" value="2400" />
            <set path="vehicle.attachable.inputAttacherJoints.inputAttacherJoint(0)#lowerRotLimitScale" value="0.05 0 0.1" />
            <set path="vehicle.attachable.inputAttacherJoints.inputAttacherJoint(0)#lowerTransLimitScale" value="0 1 0" />
            <set path="vehicle.attachable.inputAttacherJoints.inputAttacherJoint(0)#mrLowerRotationOffset" value="3" />
            <set path="vehicle.attachable.inputAttacherJoints.inputAttacherJoint(0).distanceToGround#lower" value="0.4" />

            <!-- transport -->
            <set path="vehicle.animations.animation(0).part(12)#endRotLimit" value="0 62 12" />

            <set path="vehicle.fillUnit.fillUnitConfigurations.fillUnitConfiguration(0).fillUnits.fillUnit(0)#mrCenterOfMass" value="0 0.9 -0.63"/> <!-- seeds -->
            <set path="vehicle.fillUnit.fillUnitConfigurations.fillUnitConfiguration(0).fillUnits.fillUnit(0)#capacity" value="720"/>
            <set path="vehicle.fillUnit.fillUnitConfigurations.fillUnitConfiguration(0).fillUnits.fillUnit(1)#mrCenterOfMass" value="0 1.75 0.8"/> <!-- fertilizer -->

            <set path="vehicle.powerConsumer#maxForce" value="27" /> <!-- draft force : 230*9.81*12-->
            <set path="vehicle.powerConsumer#ptoRpm" value="432" /> <!-- 800 pto rpm required -->
            <set path="vehicle.powerConsumer#neededMinPtoPower" value="17" />
            <set path="vehicle.powerConsumer#neededMaxPtoPower" value="17" /> <!-- air turbine for fertilizer and seeds -->

            <!-- 75cm row spacing = no canola -->
            <remove path="vehicle.sowingMachine.seedFruitTypes" />
            <set path="vehicle.sowingMachine.seedFruitTypeCategories" value="planter" />

        </attributes>
    </parentFile>

</vehicle>
