<?xml version="1.0" encoding="utf-8" standalone="no" ?>
<vehicle type="car" xmlns:xsi="http://www.w3.org/2001/XMLSchema-instance" xsi:noNamespaceSchemaLocation="../../../../shared/xml/schema/vehicle.xsd">

    <MR>true</MR>

    <!--

        6 speed manual gearbox + 1L gear to avoid having to shift "group"

    -->

    <parentFile xmlFilename="$data/vehicles/lizard/pickup2017/pickup2017.xml">
        <attributes>

            <set path="vehicle.base.components.component(0)#centerOfMass" value="0 0.7 0.8"/>
            <set path="vehicle.base.components.component(0)#mass" value="1700"/>

            <set path="vehicle.motorized.differentialConfigurations.differentialConfiguration.differentials.differential(2)#torqueRatio" value="0.6" />

            <set path="vehicle.wheels.wheelConfigurations.wheelConfiguration(0).wheels.wheel(0).physics#spring" value="8"/>
            <set path="vehicle.wheels.wheelConfigurations.wheelConfiguration(0).wheels.wheel(1).physics#spring" value="8"/>
            <set path="vehicle.wheels.wheelConfigurations.wheelConfiguration(0).wheels.wheel(2).physics#spring" value="6"/>
            <set path="vehicle.wheels.wheelConfigurations.wheelConfiguration(0).wheels.wheel(3).physics#spring" value="6"/>

            <set path="vehicle.wheels.wheelConfigurations.wheelConfiguration(0).wheels.wheel(0).physics#damper" value="3"/>
            <set path="vehicle.wheels.wheelConfigurations.wheelConfiguration(0).wheels.wheel(1).physics#damper" value="3"/>
            <set path="vehicle.wheels.wheelConfigurations.wheelConfiguration(0).wheels.wheel(2).physics#damper" value="3"/>
            <set path="vehicle.wheels.wheelConfigurations.wheelConfiguration(0).wheels.wheel(3).physics#damper" value="3"/>

            <set path="vehicle.wheels.wheelConfigurations.wheelConfiguration(0).wheels.wheel(0).physics#suspTravel" value="0.2"/>
            <set path="vehicle.wheels.wheelConfigurations.wheelConfiguration(0).wheels.wheel(1).physics#suspTravel" value="0.2"/>
            <set path="vehicle.wheels.wheelConfigurations.wheelConfiguration(0).wheels.wheel(2).physics#suspTravel" value="0.2"/>
            <set path="vehicle.wheels.wheelConfigurations.wheelConfiguration(0).wheels.wheel(3).physics#suspTravel" value="0.2"/>


            <!-- V8 naturally aspired = bad mpg -->
            <set path="vehicle.motorized.consumerConfigurations.consumerConfiguration(0).consumer(0)#usage" value="80"/>

            <set path="vehicle.motorized.motorStartDuration" value="2000"/>

            <remove path="vehicle.motorized.motorConfigurations.motorConfiguration(0).motor" />
            <set path="vehicle.motorized.motorConfigurations.motorConfiguration(0).motor#torqueScale" value="1"/>
            <set path="vehicle.motorized.motorConfigurations.motorConfiguration(0).motor#maxForwardSpeed" value="176"/>
            <set path="vehicle.motorized.motorConfigurations.motorConfiguration(0).motor#maxBackwardSpeed" value="42"/>
            <set path="vehicle.motorized.motorConfigurations.motorConfiguration(0).motor#brakeForce" value="5" />
            <set path="vehicle.motorized.motorConfigurations.motorConfiguration(0).motor#ptoMotorRpmRatio" value="9.25"/>

            <set path="vehicle.motorized.motorConfigurations.motorConfiguration(0).motor#minRpm" value="700"/>
            <set path="vehicle.motorized.motorConfigurations.motorConfiguration(0).motor#maxRpm" value="5800"/>
            <set path="vehicle.motorized.motorConfigurations.motorConfiguration(0).motor#mrGovernorRpmRange" value="200" />

            <set path="vehicle.motorized.motorConfigurations.motorConfiguration(0).motor.torque(0)#rpm" value="700"/>
            <set path="vehicle.motorized.motorConfigurations.motorConfiguration(0).motor.torque(0)#torque" value="0.185"/>

            <set path="vehicle.motorized.motorConfigurations.motorConfiguration(0).motor.torque(1)#rpm" value="1000"/>
            <set path="vehicle.motorized.motorConfigurations.motorConfiguration(0).motor.torque(1)#torque" value="0.200"/>

            <set path="vehicle.motorized.motorConfigurations.motorConfiguration(0).motor.torque(2)#rpm" value="2000"/>
            <set path="vehicle.motorized.motorConfigurations.motorConfiguration(0).motor.torque(2)#torque" value="0.280"/>

            <set path="vehicle.motorized.motorConfigurations.motorConfiguration(0).motor.torque(3)#rpm" value="2500"/>
            <set path="vehicle.motorized.motorConfigurations.motorConfiguration(0).motor.torque(3)#torque" value="0.360"/>

            <set path="vehicle.motorized.motorConfigurations.motorConfiguration(0).motor.torque(4)#rpm" value="3000"/>
            <set path="vehicle.motorized.motorConfigurations.motorConfiguration(0).motor.torque(4)#torque" value="0.415"/>

            <set path="vehicle.motorized.motorConfigurations.motorConfiguration(0).motor.torque(5)#rpm" value="3400"/>
            <set path="vehicle.motorized.motorConfigurations.motorConfiguration(0).motor.torque(5)#torque" value="0.443"/>

            <set path="vehicle.motorized.motorConfigurations.motorConfiguration(0).motor.torque(6)#rpm" value="4000"/>
            <set path="vehicle.motorized.motorConfigurations.motorConfiguration(0).motor.torque(6)#torque" value="0.425"/>

            <set path="vehicle.motorized.motorConfigurations.motorConfiguration(0).motor.torque(7)#rpm" value="4500"/>
            <set path="vehicle.motorized.motorConfigurations.motorConfiguration(0).motor.torque(7)#torque" value="0.420"/>

            <set path="vehicle.motorized.motorConfigurations.motorConfiguration(0).motor.torque(8)#rpm" value="5000"/>
            <set path="vehicle.motorized.motorConfigurations.motorConfiguration(0).motor.torque(8)#torque" value="0.407"/>

            <set path="vehicle.motorized.motorConfigurations.motorConfiguration(0).motor.torque(9)#rpm" value="5600"/>
            <set path="vehicle.motorized.motorConfigurations.motorConfiguration(0).motor.torque(9)#torque" value="0.380"/>

            <set path="vehicle.motorized.motorConfigurations.motorConfiguration(0).motor.torque(10)#rpm" value="5800"/>
            <set path="vehicle.motorized.motorConfigurations.motorConfiguration(0).motor.torque(10)#torque" value="0.345"/>

            <!-- 6 speed + R -->
            <remove path="vehicle.motorized.motorConfigurations.motorConfiguration(0).transmission" />
            <set path="vehicle.motorized.motorConfigurations.motorConfiguration(0).transmission#autoGearChangeTime" value="0.7"/>
            <set path="vehicle.motorized.motorConfigurations.motorConfiguration(0).transmission#gearChangeTime" value="0.2"/>
            <set path="vehicle.motorized.motorConfigurations.motorConfiguration(0).transmission#axleRatio" value="14.77"/>

            <set path="vehicle.motorized.motorConfigurations.motorConfiguration(0).transmission.directionChange#changeTime" value="0.8"/>
            <set path="vehicle.motorized.motorConfigurations.motorConfiguration(0).transmission.directionChange#useGear" value="true"/>

            <set path="vehicle.motorized.motorConfigurations.motorConfiguration(0).transmission.forwardGear(0)#gearRatio" value="4.171"/>
            <set path="vehicle.motorized.motorConfigurations.motorConfiguration(0).transmission.forwardGear(1)#gearRatio" value="2.190"/>
            <set path="vehicle.motorized.motorConfigurations.motorConfiguration(0).transmission.forwardGear(2)#gearRatio" value="1.488"/>
            <set path="vehicle.motorized.motorConfigurations.motorConfiguration(0).transmission.forwardGear(3)#gearRatio" value="1.193"/>
            <set path="vehicle.motorized.motorConfigurations.motorConfiguration(0).transmission.forwardGear(4)#gearRatio" value="1"/>
            <set path="vehicle.motorized.motorConfigurations.motorConfiguration(0).transmission.forwardGear(5)#gearRatio" value="0.849"/>
            <set path="vehicle.motorized.motorConfigurations.motorConfiguration(0).transmission.backwardGear(0)#gearRatio" value="3.607"/>
            <set path="vehicle.motorized.motorConfigurations.motorConfiguration(0).transmission.backwardGear(0)#name" value="R"/>

            <!-- fix dashboard -->
            <set path="vehicle.motorized.dashboards.dashboard(0)#minValueRot" value="0"/>
            <set path="vehicle.motorized.dashboards.dashboard(0)#maxValueRot" value="220"/>
            <set path="vehicle.motorized.dashboards.dashboard(0)#minRot" value="0"/>
            <set path="vehicle.motorized.dashboards.dashboard(0)#maxRot" value="-230"/>

            <set path="vehicle.motorized.dashboards.dashboard(1)#minValueRot" value="0"/>
            <set path="vehicle.motorized.dashboards.dashboard(1)#maxValueRot" value="8000"/>
            <set path="vehicle.motorized.dashboards.dashboard(1)#minRot" value="0"/>
            <set path="vehicle.motorized.dashboards.dashboard(1)#maxRot" value="-170"/>

        </attributes>
    </parentFile>

</vehicle>