﻿<?xml version="1.0" encoding="utf-8" standalone="no" ?>
<modDesc descVersion="92">
    <author>Dural</author>
    <version>0.25.5.21</version>
    <multiplayer supported="true" />
    <title>
        <en>MoreRealistic game engine</en>
    </title>
    <description>
        <en>Make the game more realistic</en>
    </description>

    <iconFilename>icon.dds</iconFilename>

    <extraSourceFiles>
        <sourceFile filename="scripts/RealisticUtils.lua"/>
        <sourceFile filename="scripts/RealisticMain.lua"/>
        <sourceFile filename="scripts/MR_AIImplement.lua"/>
        <sourceFile filename="scripts/MR_AIVehicleUtil.lua"/>
        <sourceFile filename="scripts/MR_AttacherJoints.lua"/>
        <sourceFile filename="scripts/MR_Combine.lua"/>
        <sourceFile filename="scripts/MR_Cultivator.lua"/>
        <sourceFile filename="scripts/MR_Drivable.lua"/>
        <sourceFile filename="scripts/MR_FillTypeManager.lua"/>
        <sourceFile filename="scripts/MR_FillUnit.lua"/>
        <sourceFile filename="scripts/MR_FruitTypeManager.lua"/>
        <sourceFile filename="scripts/MR_Lights.lua"/>
        <sourceFile filename="scripts/MR_Motorized.lua"/>
        <sourceFile filename="scripts/MR_ObjectChangeUtil.lua"/>
        <sourceFile filename="scripts/MR_PowerConsumer.lua"/>
        <sourceFile filename="scripts/MR_SoundManager.lua"/>
        <sourceFile filename="scripts/MR_SpeedRotatingParts.lua"/>
        <sourceFile filename="scripts/MR_Sprayer.lua"/>
        <sourceFile filename="scripts/MR_StoreManager.lua"/>
        <sourceFile filename="scripts/MR_Vehicle.lua"/>
        <sourceFile filename="scripts/MR_VehicleDebug.lua"/>
        <sourceFile filename="scripts/MR_VehicleMotor.lua"/>
        <sourceFile filename="scripts/MR_VehicleSystem.lua"/>
        <sourceFile filename="scripts/MR_Wheel.lua"/>
        <sourceFile filename="scripts/MR_WheelDebug.lua"/>
        <sourceFile filename="scripts/MR_WheelPhysics.lua"/>
        <sourceFile filename="scripts/MR_Wheels.lua"/>
        <sourceFile filename="scripts/MR_WheelsUtil.lua"/>
        <sourceFile filename="scripts/MR_WheelVisualPart.lua"/>
        <sourceFile filename="scripts/DEBUG.lua"/>
    </extraSourceFiles>
</modDesc>