<?xml version="1.0" encoding="utf-8" standalone="no"?>
<vehicle type="roller" xmlns:xsi="http://www.w3.org/2001/XMLSchema-instance" xsi:noNamespaceSchemaLocation="../../../../shared/xml/schema/vehicle.xsd">

    <MR>true</MR>


    <!--

        recommended speed = 12kph (which means max speed is greater than that)

        cambridge heavy duty => 7900kg
        stone container = 120kg
        crossboard = 1200kg

         -->

    <parentFile xmlFilename="$data/vehicles/vaderstad/rexius1230/rexius1230.xml">
        <attributes>

            <set path="vehicle.base.speedLimit#value" value="14" />
            <set path="vehicle.powerConsumer#maxForce" value="6" />


            <set path="vehicle.base.components.component(0)#centerOfMass" value="0 0 0.6" />
            <set path="vehicle.base.components.component(0)#mass" value="1415" />

            <set path="vehicle.base.components.component(1)#centerOfMass" value="0.35 -0.4 0" />
            <set path="vehicle.base.components.component(1)#mass" value="1700" />

            <set path="vehicle.base.components.component(2)#centerOfMass" value="0.1 -0.3 -0.2" />
            <set path="vehicle.base.components.component(2)#mass" value="950" />

            <set path="vehicle.base.components.component(3)#centerOfMass" value="-0.35 -0.4 0" />
            <set path="vehicle.base.components.component(3)#mass" value="1700" />

            <set path="vehicle.base.components.component(4)#centerOfMass" value="-0.1 -0.3 -0.2" />
            <set path="vehicle.base.components.component(4)#mass" value="950" />

            <set path="vehicle.attachable.inputAttacherJoints.inputAttacherJoint(0)#lowerRotLimitScale" value="1 1.15 1"/>

            <!-- add weight with crossboard -->
            <set path="vehicle.attachable.inputAttacherJointConfigurations.inputAttacherJointConfiguration(1).objectChange(11)#node" value="armLeft_component2"/>
            <set path="vehicle.attachable.inputAttacherJointConfigurations.inputAttacherJointConfiguration(1).objectChange(11)#mrAddMassActive" value="600"/>
            <set path="vehicle.attachable.inputAttacherJointConfigurations.inputAttacherJointConfiguration(1).objectChange(11)#mrAddMassCOMActive" value="0 -0.2 0.8"/>

            <set path="vehicle.attachable.inputAttacherJointConfigurations.inputAttacherJointConfiguration(1).objectChange(12)#node" value="armRight_component4"/>
            <set path="vehicle.attachable.inputAttacherJointConfigurations.inputAttacherJointConfiguration(1).objectChange(12)#mrAddMassActive" value="600"/>
            <set path="vehicle.attachable.inputAttacherJointConfigurations.inputAttacherJointConfiguration(1).objectChange(12)#mrAddMassCOMActive" value="0 -0.2 0.8"/>

            <!-- "folding" animation : modified moving center of mass -->
            <set path="vehicle.animations.animation(1).part(14)#startCenterOfMass" value="0 0.2 0.1"/>
            <set path="vehicle.animations.animation(1).part(14)#endCenterOfMass" value="0 0 0.6"/>

            <set path="vehicle.wheels.wheelConfigurations.wheelConfiguration(0).wheels.wheel(0).physics#spring" value="100"/>
            <set path="vehicle.wheels.wheelConfigurations.wheelConfiguration(0).wheels.wheel(1).physics#spring" value="80"/>
            <set path="vehicle.wheels.wheelConfigurations.wheelConfiguration(0).wheels.wheel(2).physics#spring" value="100"/>
            <set path="vehicle.wheels.wheelConfigurations.wheelConfiguration(0).wheels.wheel(3).physics#spring" value="80"/>

            <set path="vehicle.wheels.wheelConfigurations.wheelConfiguration(0).wheels.wheel(0).physics#suspTravel" value="0.15"/>
            <set path="vehicle.wheels.wheelConfigurations.wheelConfiguration(0).wheels.wheel(1).physics#suspTravel" value="0.10"/>
            <set path="vehicle.wheels.wheelConfigurations.wheelConfiguration(0).wheels.wheel(2).physics#suspTravel" value="0.15"/>
            <set path="vehicle.wheels.wheelConfigurations.wheelConfiguration(0).wheels.wheel(3).physics#suspTravel" value="0.10"/>

            <set path="vehicle.wheels.wheelConfigurations.wheelConfiguration(0).wheels.wheel(0).physics#yOffset" value="0.045"/>
            <set path="vehicle.wheels.wheelConfigurations.wheelConfiguration(0).wheels.wheel(1).physics#yOffset" value="0.03"/>
            <set path="vehicle.wheels.wheelConfigurations.wheelConfiguration(0).wheels.wheel(2).physics#yOffset" value="0.045"/>
            <set path="vehicle.wheels.wheelConfigurations.wheelConfiguration(0).wheels.wheel(3).physics#yOffset" value="0.03"/>

            <set path="vehicle.wheels.wheelConfigurations.wheelConfiguration(0).wheels.wheel(0).physics#damper" value="6"/>
            <set path="vehicle.wheels.wheelConfigurations.wheelConfiguration(0).wheels.wheel(1).physics#damper" value="6"/>
            <set path="vehicle.wheels.wheelConfigurations.wheelConfiguration(0).wheels.wheel(2).physics#damper" value="6"/>
            <set path="vehicle.wheels.wheelConfigurations.wheelConfiguration(0).wheels.wheel(3).physics#damper" value="6"/>

            <set path="vehicle.wheels.wheelConfigurations.wheelConfiguration(0).wheels.wheel(8).physics#brakeFactor" value="0"/>
            <set path="vehicle.wheels.wheelConfigurations.wheelConfiguration(0).wheels.wheel(9).physics#brakeFactor" value="0"/>

            <set path="vehicle.wheels.wheelConfigurations.wheelConfiguration(0).wheels.wheel(4).physics#radius" value="0.28"/>
            <set path="vehicle.wheels.wheelConfigurations.wheelConfiguration(0).wheels.wheel(5).physics#radius" value="0.28"/>
            <set path="vehicle.wheels.wheelConfigurations.wheelConfiguration(0).wheels.wheel(12).physics#radius" value="0.28"/>
            <set path="vehicle.wheels.wheelConfigurations.wheelConfiguration(0).wheels.wheel(13).physics#radius" value="0.28"/>

            <set path="vehicle.wheels.wheelConfigurations.wheelConfiguration(0).wheels.wheel(4).physics#yOffset" value="0.05"/>
            <set path="vehicle.wheels.wheelConfigurations.wheelConfiguration(0).wheels.wheel(5).physics#yOffset" value="0"/>
            <set path="vehicle.wheels.wheelConfigurations.wheelConfiguration(0).wheels.wheel(12).physics#yOffset" value="0"/>
            <set path="vehicle.wheels.wheelConfigurations.wheelConfiguration(0).wheels.wheel(13).physics#yOffset" value="0.05"/>

            <set path="vehicle.wheels.wheelConfigurations.wheelConfiguration(0).wheels.wheel(4).physics#width" value="0.5"/>
            <set path="vehicle.wheels.wheelConfigurations.wheelConfiguration(0).wheels.wheel(5).physics#width" value="0.5"/>
            <set path="vehicle.wheels.wheelConfigurations.wheelConfiguration(0).wheels.wheel(6).physics#width" value="0.5"/>
            <set path="vehicle.wheels.wheelConfigurations.wheelConfiguration(0).wheels.wheel(7).physics#width" value="0.5"/>
            <set path="vehicle.wheels.wheelConfigurations.wheelConfiguration(0).wheels.wheel(8).physics#width" value="0.5"/>
            <set path="vehicle.wheels.wheelConfigurations.wheelConfiguration(0).wheels.wheel(9).physics#width" value="0.5"/>
            <set path="vehicle.wheels.wheelConfigurations.wheelConfiguration(0).wheels.wheel(10).physics#width" value="0.5"/>
            <set path="vehicle.wheels.wheelConfigurations.wheelConfiguration(0).wheels.wheel(11).physics#width" value="0.5"/>
            <set path="vehicle.wheels.wheelConfigurations.wheelConfiguration(0).wheels.wheel(12).physics#width" value="0.5"/>
            <set path="vehicle.wheels.wheelConfigurations.wheelConfiguration(0).wheels.wheel(13).physics#width" value="0.5"/>

            <set path="vehicle.wheels.wheelConfigurations.wheelConfiguration(0).wheels.wheel(4).physics#spring" value="40"/>
            <set path="vehicle.wheels.wheelConfigurations.wheelConfiguration(0).wheels.wheel(5).physics#spring" value="20"/>
            <set path="vehicle.wheels.wheelConfigurations.wheelConfiguration(0).wheels.wheel(6).physics#spring" value="40"/>
            <set path="vehicle.wheels.wheelConfigurations.wheelConfiguration(0).wheels.wheel(7).physics#spring" value="20"/>
            <set path="vehicle.wheels.wheelConfigurations.wheelConfiguration(0).wheels.wheel(8).physics#spring" value="40"/>
            <set path="vehicle.wheels.wheelConfigurations.wheelConfiguration(0).wheels.wheel(9).physics#spring" value="40"/>
            <set path="vehicle.wheels.wheelConfigurations.wheelConfiguration(0).wheels.wheel(10).physics#spring" value="20"/>
            <set path="vehicle.wheels.wheelConfigurations.wheelConfiguration(0).wheels.wheel(11).physics#spring" value="40"/>
            <set path="vehicle.wheels.wheelConfigurations.wheelConfiguration(0).wheels.wheel(12).physics#spring" value="20"/>
            <set path="vehicle.wheels.wheelConfigurations.wheelConfiguration(0).wheels.wheel(13).physics#spring" value="40"/>

            <set path="vehicle.wheels.wheelConfigurations.wheelConfiguration(0).wheels.wheel(4).physics#tireType" value="street"/>
            <set path="vehicle.wheels.wheelConfigurations.wheelConfiguration(0).wheels.wheel(5).physics#tireType" value="street"/>
            <set path="vehicle.wheels.wheelConfigurations.wheelConfiguration(0).wheels.wheel(6).physics#tireType" value="street"/>
            <set path="vehicle.wheels.wheelConfigurations.wheelConfiguration(0).wheels.wheel(7).physics#tireType" value="street"/>
            <set path="vehicle.wheels.wheelConfigurations.wheelConfiguration(0).wheels.wheel(8).physics#tireType" value="street"/>
            <set path="vehicle.wheels.wheelConfigurations.wheelConfiguration(0).wheels.wheel(9).physics#tireType" value="street"/>
            <set path="vehicle.wheels.wheelConfigurations.wheelConfiguration(0).wheels.wheel(10).physics#tireType" value="street"/>
            <set path="vehicle.wheels.wheelConfigurations.wheelConfiguration(0).wheels.wheel(11).physics#tireType" value="street"/>
            <set path="vehicle.wheels.wheelConfigurations.wheelConfiguration(0).wheels.wheel(12).physics#tireType" value="street"/>
            <set path="vehicle.wheels.wheelConfigurations.wheelConfiguration(0).wheels.wheel(13).physics#tireType" value="street"/>

            <set path="vehicle.wheels.wheelConfigurations.wheelConfiguration(0).wheels.wheel(4).physics#mrFrictionScale" value="0.7"/>
            <set path="vehicle.wheels.wheelConfigurations.wheelConfiguration(0).wheels.wheel(5).physics#mrFrictionScale" value="0.7"/>
            <set path="vehicle.wheels.wheelConfigurations.wheelConfiguration(0).wheels.wheel(6).physics#mrFrictionScale" value="0.7"/>
            <set path="vehicle.wheels.wheelConfigurations.wheelConfiguration(0).wheels.wheel(7).physics#mrFrictionScale" value="0.7"/>
            <set path="vehicle.wheels.wheelConfigurations.wheelConfiguration(0).wheels.wheel(8).physics#mrFrictionScale" value="0.7"/>
            <set path="vehicle.wheels.wheelConfigurations.wheelConfiguration(0).wheels.wheel(9).physics#mrFrictionScale" value="0.7"/>
            <set path="vehicle.wheels.wheelConfigurations.wheelConfiguration(0).wheels.wheel(10).physics#mrFrictionScale" value="0.7"/>
            <set path="vehicle.wheels.wheelConfigurations.wheelConfiguration(0).wheels.wheel(11).physics#mrFrictionScale" value="0.7"/>
            <set path="vehicle.wheels.wheelConfigurations.wheelConfiguration(0).wheels.wheel(12).physics#mrFrictionScale" value="0.7"/>
            <set path="vehicle.wheels.wheelConfigurations.wheelConfiguration(0).wheels.wheel(13).physics#mrFrictionScale" value="0.7"/>

            <!-- not keeping the 0 value seems to fix the "Invalid vehicle translation detected, resetting to shop" problem when working with this tool -->
            <set path="vehicle.wheels.wheelConfigurations.wheelConfiguration(0).wheels.wheel(4).physics#maxLatStiffness" value="40"/>
            <set path="vehicle.wheels.wheelConfigurations.wheelConfiguration(0).wheels.wheel(5).physics#maxLatStiffness" value="40"/>
            <set path="vehicle.wheels.wheelConfigurations.wheelConfiguration(0).wheels.wheel(12).physics#maxLatStiffness" value="40"/>
            <set path="vehicle.wheels.wheelConfigurations.wheelConfiguration(0).wheels.wheel(13).physics#maxLatStiffness" value="40"/>

        </attributes>
    </parentFile>

</vehicle>