<?xml version="1.0" encoding="utf-8" standalone="no"?>
<vehicle type="mulcherRoll" xmlns:xsi="http://www.w3.org/2001/XMLSchema-instance" xsi:noNamespaceSchemaLocation="../../../../shared/xml/schema/vehicle.xsd">

    <MR>true</MR>
    <mrPowerConsumer forcePointY="0" forcePointZ="0" />

    <!--

        60hp min
        20-25kmh working speed
        390mm rollers
        1050kg

        options in game =
        stone guard for rear operation
        stone guard for front operation
        lighting

        total weight = 1170kg

    -->

    <parentFile xmlFilename="$data/vehicles/knoche/speedmax300/speedmax300.xml">
        <attributes>

            <set path="vehicle.base.speedLimit#value" value="25" />

            <set path="vehicle.base.components.component(0)#mass" value="770" />
            <set path="vehicle.base.components.component(0)#centerOfMass" value="0 0.5 -0.2" />

            <set path="vehicle.attachable.inputAttacherJoints.inputAttacherJoint(0)#mrLowerRotationOffset" value="0" />

            <set path="vehicle.wheels.wheelConfigurations.wheelConfiguration(0).wheels.wheel(0).physics#mrFrictionScale" value="0.5"/>
            <set path="vehicle.wheels.wheelConfigurations.wheelConfiguration(0).wheels.wheel(1).physics#mrFrictionScale" value="0.5"/>
            <set path="vehicle.wheels.wheelConfigurations.wheelConfiguration(0).wheels.wheel(2).physics#mrFrictionScale" value="0.5"/>
            <set path="vehicle.wheels.wheelConfigurations.wheelConfiguration(0).wheels.wheel(3).physics#mrFrictionScale" value="0.5"/>

            <set path="vehicle.powerConsumer#maxForce" value="7" />

        </attributes>
    </parentFile>

</vehicle>