<?xml version="1.0" encoding="utf-8" standalone="no"?>
<vehicle type="tractor" xmlns:xsi="http://www.w3.org/2001/XMLSchema-instance" xsi:noNamespaceSchemaLocation="../../../../shared/xml/schema/vehicle.xsd">

    <MR>true</MR>

    <parentFile xmlFilename="$data/vehicles/claas/arion550/arion550.xml">
            <attributes>

                <set path="vehicle.base.components.component(0)#centerOfMass" value="0 1.1 -0.55"/>
                <set path="vehicle.base.components.component(0)#mass" value="4750"/>
                <set path="vehicle.base.components.component(1)#mass" value="500"/>

                <set path="vehicle.motorized.differentialConfigurations.differentialConfiguration.differentials.differential(0)#maxSpeedRatio" value="1.3" />
                <set path="vehicle.motorized.differentialConfigurations.differentialConfiguration.differentials.differential(1)#maxSpeedRatio" value="1.3" />
                <set path="vehicle.motorized.differentialConfigurations.differentialConfiguration.differentials.differential(2)#maxSpeedRatio" value="1.3" />
                <set path="vehicle.motorized.differentialConfigurations.differentialConfiguration.differentials.differential(2)#torqueRatio" value="0.35" />

                <!-- ************************************************************************************************************************-->
                <!-- Arion 530 4.5L DPS engine Powertech PSS - dual turbo - 240g/KWh -->
                <set path="vehicle.motorized.consumerConfigurations.consumerConfiguration(0).consumer(0)#usage" value="31"/> <!-- Max fuel rate @maxPower -->

                <remove path="vehicle.motorized.motorConfigurations.motorConfiguration(0).motor" />

                <set path="vehicle.motorized.motorConfigurations.motorConfiguration(0).motor#minRpm" value="800"/>
                <set path="vehicle.motorized.motorConfigurations.motorConfiguration(0).motor#maxRpm" value="2200"/>
                <set path="vehicle.motorized.motorConfigurations.motorConfiguration(0).motor#mrGovernorRpmRange" value="150"/>
                <set path="vehicle.motorized.motorConfigurations.motorConfiguration(0).motor#torqueScale" value="1"/>
                <set path="vehicle.motorized.motorConfigurations.motorConfiguration(0).motor#maxForwardSpeed" value="53"/>
                <set path="vehicle.motorized.motorConfigurations.motorConfiguration(0).motor#maxBackwardSpeed" value="53"/>
                <set path="vehicle.motorized.motorConfigurations.motorConfiguration(0).motor#brakeForce" value="7.5"/>
                <set path="vehicle.motorized.motorConfigurations.motorConfiguration(0).motor#ptoMotorRpmRatio" value="3.815"/>

                <set path="vehicle.motorized.motorConfigurations.motorConfiguration(0).motor.torque(0)#rpm" value="800"/>
                <set path="vehicle.motorized.motorConfigurations.motorConfiguration(0).motor.torque(0)#torque" value="0.470"/>

                <set path="vehicle.motorized.motorConfigurations.motorConfiguration(0).motor.torque(1)#rpm" value="1000"/>
                <set path="vehicle.motorized.motorConfigurations.motorConfiguration(0).motor.torque(1)#torque" value="0.500"/>

                <set path="vehicle.motorized.motorConfigurations.motorConfiguration(0).motor.torque(2)#rpm" value="1100"/>
                <set path="vehicle.motorized.motorConfigurations.motorConfiguration(0).motor.torque(2)#torque" value="0.550"/>

                <set path="vehicle.motorized.motorConfigurations.motorConfiguration(0).motor.torque(3)#rpm" value="1200"/>
                <set path="vehicle.motorized.motorConfigurations.motorConfiguration(0).motor.torque(3)#torque" value="0.580"/>

                <set path="vehicle.motorized.motorConfigurations.motorConfiguration(0).motor.torque(4)#rpm" value="1400"/>
                <set path="vehicle.motorized.motorConfigurations.motorConfiguration(0).motor.torque(4)#torque" value="0.615"/>

                <set path="vehicle.motorized.motorConfigurations.motorConfiguration(0).motor.torque(5)#rpm" value="1500"/>
                <set path="vehicle.motorized.motorConfigurations.motorConfiguration(0).motor.torque(5)#torque" value="0.619"/>

                <set path="vehicle.motorized.motorConfigurations.motorConfiguration(0).motor.torque(6)#rpm" value="1600"/>
                <set path="vehicle.motorized.motorConfigurations.motorConfiguration(0).motor.torque(6)#torque" value="0.610"/>

                <set path="vehicle.motorized.motorConfigurations.motorConfiguration(0).motor.torque(7)#rpm" value="1800"/>
                <set path="vehicle.motorized.motorConfigurations.motorConfiguration(0).motor.torque(7)#torque" value="0.570"/>

                <set path="vehicle.motorized.motorConfigurations.motorConfiguration(0).motor.torque(8)#rpm" value="2000"/>
                <set path="vehicle.motorized.motorConfigurations.motorConfiguration(0).motor.torque(8)#torque" value="0.515"/>

                <set path="vehicle.motorized.motorConfigurations.motorConfiguration(0).motor.torque(9)#rpm" value="2200"/>
                <set path="vehicle.motorized.motorConfigurations.motorConfiguration(0).motor.torque(9)#torque" value="0.430"/>

                <set path="vehicle.motorized.motorConfigurations.motorConfiguration(0).transmission#minForwardGearRatio" value="13"/>
                <set path="vehicle.motorized.motorConfigurations.motorConfiguration(0).transmission#minBackwardGearRatio" value="13"/>
                <set path="vehicle.motorized.motorConfigurations.motorConfiguration(0).transmission#maxForwardGearRatio" value="1000"/>
                <set path="vehicle.motorized.motorConfigurations.motorConfiguration(0).transmission#maxBackwardGearRatio" value="1000"/>

                <!-- attacher joint rot limit -->
            <set path="vehicle.attacherJoints.attacherJoint(2)#lowerRotLimit" value="25 62 50"/>
            <set path="vehicle.attacherJoints.attacherJoint(3)#lowerRotLimit" value="25 62 50"/>

            </attributes>
    </parentFile>

</vehicle>