<?xml version="1.0" encoding="utf-8" standalone="no" ?>
<vehicle type="combineDrivable" xmlns:xsi="http://www.w3.org/2001/XMLSchema-instance" xsi:noNamespaceSchemaLocation="../../../../shared/xml/schema/vehicle.xsd">

    <!-- base game engine : this combine harvester is able to harvest 85T per hour. too far from reality (about 4x more than IRL) -->

    <MR>true</MR>
    <!-- hydrostatic transmission means we don't have the full engine power to the wheels. it depends on the hydraulics motors -->
    <mrTransmission isHydrostatic="true" maxRpmWanted="2000" powerRatio="0.8" />
    <!-- chopperPowerFx below 1 means more efficient system than average = less power required -->
    <!-- threshingPowerFx below 1 means more efficient system than average = less power required -->
    <!-- IRL, this combine would perform worst than the mf8570 most of the time, but we don't want that in game since the 8570 is the "old" one with which we start our farm -->
    <mrCombine chopperIdlePower="10" chopperPowerFx="1" unloadingPower="20" threshingIdlePower="30" threshingPowerFx="1" irlSpotTonPerHour="30" maxFieldThreshingSpeed="14" />

            <!-- IRL => hydrostatic, 3 gears
                no data found
            -->

    <parentFile xmlFilename="$data/vehicles/claas/evion450/evion450.xml">
        <attributes>

            <!-- straw walker combine = more grain losses than rotor combines-->
            <set path="vehicle.combine#threshingScale" value="0.97"/>

            <!-- it sounds crazy, but vanilla game logic =
            1. when threshing system is turned on, and we unload the graintank, there is no change in power
            2. when threshing system is turned off, and we unload the graintank, we get the same power consumed than when threshing-->
            <set path="vehicle.powerConsumer#neededMaxPtoPower" value="0"/>

            <!-- about 11500kgs (empty, no fuel) => about 5300kg on the rear axle with fuel -->
            <set path="vehicle.base.components.component(0)#centerOfMass" value="0 1.6 0.65"/>
            <set path="vehicle.base.components.component(0)#mass" value="9000"/>
            <set path="vehicle.base.components.component(1)#mass" value="1000"/>

            <!--wheels -->
            <set path="vehicle.wheels.wheelConfigurations.wheelConfiguration(0).wheels.wheel(0).physics#spring" value="120"/>
            <set path="vehicle.wheels.wheelConfigurations.wheelConfiguration(0).wheels.wheel(1).physics#spring" value="120"/>
            <set path="vehicle.wheels.wheelConfigurations.wheelConfiguration(0).wheels.wheel(2).physics#spring" value="80"/>
            <set path="vehicle.wheels.wheelConfigurations.wheelConfiguration(0).wheels.wheel(3).physics#spring" value="80"/>

            <set path="vehicle.wheels.wheelConfigurations.wheelConfiguration(0).wheels.wheel(0).physics#damper" value="25"/>
            <set path="vehicle.wheels.wheelConfigurations.wheelConfiguration(0).wheels.wheel(1).physics#damper" value="25"/>
            <set path="vehicle.wheels.wheelConfigurations.wheelConfiguration(0).wheels.wheel(2).physics#damper" value="15"/>
            <set path="vehicle.wheels.wheelConfigurations.wheelConfiguration(0).wheels.wheel(3).physics#damper" value="15"/>

            <set path="vehicle.wheels.wheelConfigurations.wheelConfiguration(0).wheels.wheel(2).physics#rotationDamping" value="0.02"/>
            <set path="vehicle.wheels.wheelConfigurations.wheelConfiguration(0).wheels.wheel(3).physics#rotationDamping" value="0.02"/>

            <set path="vehicle.powerConsumer#ptoRpm" value="540"/>
            <set path="vehicle.dischargeable.dischargeNode(0)#emptySpeed" value="90"/>

            <!-- no rear wheel brake on a combine harvester ! -->
            <set path="vehicle.wheels.wheelConfigurations.wheelConfiguration(0).wheels.wheel(2).physics#brakeFactor" value="0" />
            <set path="vehicle.wheels.wheelConfigurations.wheelConfiguration(0).wheels.wheel(3).physics#brakeFactor" value="0" />

            <!-- this combine is 2WD in game (no hydraulics rear wheel assist) -->
            <set path="vehicle.motorized.differentialConfigurations.differentialConfiguration.differentials.differential(0)#maxSpeedRatio" value="2" />
            <remove path="vehicle.motorized.differentialConfigurations.differentialConfiguration.differentials.differential(1)" />
            <remove path="vehicle.motorized.differentialConfigurations.differentialConfiguration.differentials.differential(1)" />


            <!-- cummins 6.7L stage V // 45L/h @1900rpm and 190KW-->
            <!-- DEF = about 6.5% of the fuel rate -->
            <set path="vehicle.motorized.consumerConfigurations.consumerConfiguration(0).consumer(0)#usage" value="45"/>
            <set path="vehicle.motorized.consumerConfigurations.consumerConfiguration(0).consumer(1)#usage" value="2.9"/>

            <remove path="vehicle.motorized.motorConfigurations.motorConfiguration(0).motor"/>
            <set path="vehicle.motorized.motorConfigurations.motorConfiguration(0).motor#torqueScale" value="1"/>
            <set path="vehicle.motorized.motorConfigurations.motorConfiguration(0).motor#minRpm" value="1180"/>
            <set path="vehicle.motorized.motorConfigurations.motorConfiguration(0).motor#maxRpm" value="2000"/>
            <set path="vehicle.motorized.motorConfigurations.motorConfiguration(0).motor#maxForwardSpeed" value="32"/>
            <set path="vehicle.motorized.motorConfigurations.motorConfiguration(0).motor#maxBackwardSpeed" value="15"/>
            <set path="vehicle.motorized.motorConfigurations.motorConfiguration(0).motor#ptoMotorRpmRatio" value="3.7"/>

            <!-- governor regulation = 10% -->
            <set path="vehicle.motorized.motorConfigurations.motorConfiguration(0).motor#mrGovernorRpmRange" value="200" />
            <!-- combine harvester = greater engine inertia than tractors or other vehicles -->
            <set path="vehicle.motorized.motorConfigurations.motorConfiguration(0).motor#mrInertiaFx" value="1.6" />

            <!-- better brake force since only the front wheels are braking -->
            <set path="vehicle.motorized.motorConfigurations.motorConfiguration(0).motor#brakeForce" value="20"/>

            <set path="vehicle.motorized.motorConfigurations.motorConfiguration(0).motor.torque(0)#rpm" value="700"/>
            <set path="vehicle.motorized.motorConfigurations.motorConfiguration(0).motor.torque(0)#torque" value="0.550"/>

            <set path="vehicle.motorized.motorConfigurations.motorConfiguration(0).motor.torque(1)#rpm" value="800"/>
            <set path="vehicle.motorized.motorConfigurations.motorConfiguration(0).motor.torque(1)#torque" value="0.670"/>

            <set path="vehicle.motorized.motorConfigurations.motorConfiguration(0).motor.torque(2)#rpm" value="900"/>
            <set path="vehicle.motorized.motorConfigurations.motorConfiguration(0).motor.torque(2)#torque" value="0.830"/>

            <set path="vehicle.motorized.motorConfigurations.motorConfiguration(0).motor.torque(3)#rpm" value="1000"/>
            <set path="vehicle.motorized.motorConfigurations.motorConfiguration(0).motor.torque(3)#torque" value="1.050"/>

            <set path="vehicle.motorized.motorConfigurations.motorConfiguration(0).motor.torque(4)#rpm" value="1100"/>
            <set path="vehicle.motorized.motorConfigurations.motorConfiguration(0).motor.torque(4)#torque" value="1.117"/>

            <set path="vehicle.motorized.motorConfigurations.motorConfiguration(0).motor.torque(5)#rpm" value="1200"/>
            <set path="vehicle.motorized.motorConfigurations.motorConfiguration(0).motor.torque(5)#torque" value="1.126"/>

            <set path="vehicle.motorized.motorConfigurations.motorConfiguration(0).motor.torque(6)#rpm" value="1300"/>
            <set path="vehicle.motorized.motorConfigurations.motorConfiguration(0).motor.torque(6)#torque" value="1.135"/>

            <set path="vehicle.motorized.motorConfigurations.motorConfiguration(0).motor.torque(7)#rpm" value="1400"/>
            <set path="vehicle.motorized.motorConfigurations.motorConfiguration(0).motor.torque(7)#torque" value="1.144"/>

            <set path="vehicle.motorized.motorConfigurations.motorConfiguration(0).motor.torque(8)#rpm" value="1500"/>
            <set path="vehicle.motorized.motorConfigurations.motorConfiguration(0).motor.torque(8)#torque" value="1.152"/>

            <set path="vehicle.motorized.motorConfigurations.motorConfiguration(0).motor.torque(9)#rpm" value="1600"/>
            <set path="vehicle.motorized.motorConfigurations.motorConfiguration(0).motor.torque(9)#torque" value="1.100"/>

            <set path="vehicle.motorized.motorConfigurations.motorConfiguration(0).motor.torque(10)#rpm" value="1700"/>
            <set path="vehicle.motorized.motorConfigurations.motorConfiguration(0).motor.torque(10)#torque" value="1.048"/>

            <set path="vehicle.motorized.motorConfigurations.motorConfiguration(0).motor.torque(11)#rpm" value="1800"/>
            <set path="vehicle.motorized.motorConfigurations.motorConfiguration(0).motor.torque(11)#torque" value="0.997"/>

            <set path="vehicle.motorized.motorConfigurations.motorConfiguration(0).motor.torque(12)#rpm" value="1900"/>
            <set path="vehicle.motorized.motorConfigurations.motorConfiguration(0).motor.torque(12)#torque" value="0.943"/>

            <set path="vehicle.motorized.motorConfigurations.motorConfiguration(0).motor.torque(13)#rpm" value="2000"/>
            <set path="vehicle.motorized.motorConfigurations.motorConfiguration(0).motor.torque(13)#torque" value="0.890"/>

            <set path="vehicle.fillUnit.fillUnitConfigurations.fillUnitConfiguration(0).fillUnits.fillUnit(0)#mrCenterOfMass" value="0 3 1"/>

            <set path="vehicle.attacherJoints.attacherJoint(0)#rotLimit" value="0 0 0"/>
            <set path="vehicle.attacherJoints.attacherJoint(0)#rotLimitSpring" value="2250 18000 4500"/> <!-- z-axis / y-axis / x-axis -->
            <set path="vehicle.attacherJoints.attacherJoint(0)#rotLimitDamping" value="45 180 45"/>
            <set path="vehicle.attacherJoints.attacherJoint(0)#allowsJointRotLimitMovement" value="true"/>

        </attributes>
    </parentFile>

</vehicle>