<?xml version="1.0" encoding="utf-8" standalone="no" ?>
<vehicle type="tractor" xmlns:xsi="http://www.w3.org/2001/XMLSchema-instance" xsi:noNamespaceSchemaLocation="../../../../shared/xml/schema/vehicle.xsd">

<MR SCx="6.2">true</MR>

    <!--

        7.7T (big cam 1 400 cummins, tandem, small sleeper, 176" wheelbase, twin tank empty)
        + driver and 752L of fuel => 8.4T

    -->

    <parentFile xmlFilename="$data/vehicles/international/transtarII/transtarIIEagle.xml">
        <attributes>

            <set path="vehicle.base.components.component(0)#centerOfMass" value="0 0.85 1.4"/>
            <set path="vehicle.base.components.component(0)#mass" value="6180"/>

            <!-- no AWD on front axle -->
            <remove path="vehicle.motorized.differentialConfigurations.differentialConfiguration.differentials.differential(0)" />
            <remove path="vehicle.motorized.differentialConfigurations.differentialConfiguration.differentials.differential(3)" />

            <!-- small sleeper -->
            <set path="vehicle.designConfigurations.designConfiguration(1).objectChange(0)#node" value="transtarIIEagle_main_component1" />
            <set path="vehicle.designConfigurations.designConfiguration(1).objectChange(0)#mrAddMassActive" value="200" />
            <set path="vehicle.designConfigurations.designConfiguration(1).objectChange(0)#mrAddMassCOMActive" value="0 1.2 1.6" />


            <!-- long wheelbase -->
            <set path="vehicle.wheels.wheelConfigurations.wheelConfiguration(0).wheels.wheel(0).physics#spring" value="70"/>
            <set path="vehicle.wheels.wheelConfigurations.wheelConfiguration(0).wheels.wheel(1).physics#spring" value="70"/>
            <set path="vehicle.wheels.wheelConfigurations.wheelConfiguration(0).wheels.wheel(2).physics#spring" value="100"/>
            <set path="vehicle.wheels.wheelConfigurations.wheelConfiguration(0).wheels.wheel(3).physics#spring" value="100"/>
            <set path="vehicle.wheels.wheelConfigurations.wheelConfiguration(0).wheels.wheel(4).physics#spring" value="75"/>
            <set path="vehicle.wheels.wheelConfigurations.wheelConfiguration(0).wheels.wheel(5).physics#spring" value="75"/>

            <set path="vehicle.wheels.wheelConfigurations.wheelConfiguration(0).wheels.wheel(0).physics#damper" value="10"/>
            <set path="vehicle.wheels.wheelConfigurations.wheelConfiguration(0).wheels.wheel(1).physics#damper" value="10"/>
            <set path="vehicle.wheels.wheelConfigurations.wheelConfiguration(0).wheels.wheel(2).physics#damper" value="10"/>
            <set path="vehicle.wheels.wheelConfigurations.wheelConfiguration(0).wheels.wheel(3).physics#damper" value="10"/>
            <set path="vehicle.wheels.wheelConfigurations.wheelConfiguration(0).wheels.wheel(4).physics#damper" value="10"/>
            <set path="vehicle.wheels.wheelConfigurations.wheelConfiguration(0).wheels.wheel(5).physics#damper" value="10"/>

            <set path="vehicle.wheels.wheelConfigurations.wheelConfiguration(0).wheels.wheel(0).physics#suspTravel" value="0.12"/>
            <set path="vehicle.wheels.wheelConfigurations.wheelConfiguration(0).wheels.wheel(1).physics#suspTravel" value="0.12"/>
            <set path="vehicle.wheels.wheelConfigurations.wheelConfiguration(0).wheels.wheel(2).physics#suspTravel" value="0.15"/>
            <set path="vehicle.wheels.wheelConfigurations.wheelConfiguration(0).wheels.wheel(3).physics#suspTravel" value="0.15"/>
            <set path="vehicle.wheels.wheelConfigurations.wheelConfiguration(0).wheels.wheel(4).physics#suspTravel" value="0.15"/>
            <set path="vehicle.wheels.wheelConfigurations.wheelConfiguration(0).wheels.wheel(5).physics#suspTravel" value="0.15"/>

            <set path="vehicle.wheels.wheelConfigurations.wheelConfiguration(0).wheels.wheel(0).physics#restLoad" value="2.12"/>
            <set path="vehicle.wheels.wheelConfigurations.wheelConfiguration(0).wheels.wheel(1).physics#restLoad" value="2.12"/>
            <set path="vehicle.wheels.wheelConfigurations.wheelConfiguration(0).wheels.wheel(2).physics#restLoad" value="1.16"/>
            <set path="vehicle.wheels.wheelConfigurations.wheelConfiguration(0).wheels.wheel(3).physics#restLoad" value="1.16"/>
            <set path="vehicle.wheels.wheelConfigurations.wheelConfiguration(0).wheels.wheel(4).physics#restLoad" value="0.85"/>
            <set path="vehicle.wheels.wheelConfigurations.wheelConfiguration(0).wheels.wheel(5).physics#restLoad" value="0.85"/>

            <set path="vehicle.wheels.wheelConfigurations.wheelConfiguration(0).wheels.wheel(0).physics#initialCompression" value="25"/>
            <set path="vehicle.wheels.wheelConfigurations.wheelConfiguration(0).wheels.wheel(1).physics#initialCompression" value="25"/>
            <set path="vehicle.wheels.wheelConfigurations.wheelConfiguration(0).wheels.wheel(2).physics#initialCompression" value="8"/>
            <set path="vehicle.wheels.wheelConfigurations.wheelConfiguration(0).wheels.wheel(3).physics#initialCompression" value="8"/>
            <set path="vehicle.wheels.wheelConfigurations.wheelConfiguration(0).wheels.wheel(4).physics#initialCompression" value="7"/>
            <set path="vehicle.wheels.wheelConfigurations.wheelConfiguration(0).wheels.wheel(5).physics#initialCompression" value="7"/>

            <set path="vehicle.wheels.wheelConfigurations.wheelConfiguration(0).objectChange(10)#node" value="transtarIIEagle_main_component1" />
            <set path="vehicle.wheels.wheelConfigurations.wheelConfiguration(0).objectChange(10)#mrAddMassActive" value="200" />
            <set path="vehicle.wheels.wheelConfigurations.wheelConfiguration(0).objectChange(10)#mrAddMassCOMActive" value="0 0.85 0" />


            <!-- short wheelbase -->
            <set path="vehicle.wheels.wheelConfigurations.wheelConfiguration(1).wheels.wheel(0).physics#spring" value="70"/>
            <set path="vehicle.wheels.wheelConfigurations.wheelConfiguration(1).wheels.wheel(1).physics#spring" value="70"/>
            <set path="vehicle.wheels.wheelConfigurations.wheelConfiguration(1).wheels.wheel(2).physics#spring" value="100"/>
            <set path="vehicle.wheels.wheelConfigurations.wheelConfiguration(1).wheels.wheel(3).physics#spring" value="100"/>
            <set path="vehicle.wheels.wheelConfigurations.wheelConfiguration(1).wheels.wheel(4).physics#spring" value="75"/>
            <set path="vehicle.wheels.wheelConfigurations.wheelConfiguration(1).wheels.wheel(5).physics#spring" value="75"/>

            <set path="vehicle.wheels.wheelConfigurations.wheelConfiguration(1).wheels.wheel(0).physics#damper" value="10"/>
            <set path="vehicle.wheels.wheelConfigurations.wheelConfiguration(1).wheels.wheel(1).physics#damper" value="10"/>
            <set path="vehicle.wheels.wheelConfigurations.wheelConfiguration(1).wheels.wheel(2).physics#damper" value="10"/>
            <set path="vehicle.wheels.wheelConfigurations.wheelConfiguration(1).wheels.wheel(3).physics#damper" value="10"/>
            <set path="vehicle.wheels.wheelConfigurations.wheelConfiguration(1).wheels.wheel(4).physics#damper" value="10"/>
            <set path="vehicle.wheels.wheelConfigurations.wheelConfiguration(1).wheels.wheel(5).physics#damper" value="10"/>

            <set path="vehicle.wheels.wheelConfigurations.wheelConfiguration(1).wheels.wheel(0).physics#suspTravel" value="0.12"/>
            <set path="vehicle.wheels.wheelConfigurations.wheelConfiguration(1).wheels.wheel(1).physics#suspTravel" value="0.12"/>
            <set path="vehicle.wheels.wheelConfigurations.wheelConfiguration(1).wheels.wheel(2).physics#suspTravel" value="0.15"/>
            <set path="vehicle.wheels.wheelConfigurations.wheelConfiguration(1).wheels.wheel(3).physics#suspTravel" value="0.15"/>
            <set path="vehicle.wheels.wheelConfigurations.wheelConfiguration(1).wheels.wheel(4).physics#suspTravel" value="0.15"/>
            <set path="vehicle.wheels.wheelConfigurations.wheelConfiguration(1).wheels.wheel(5).physics#suspTravel" value="0.15"/>

            <set path="vehicle.wheels.wheelConfigurations.wheelConfiguration(1).wheels.wheel(0).physics#restLoad" value="2.12"/>
            <set path="vehicle.wheels.wheelConfigurations.wheelConfiguration(1).wheels.wheel(1).physics#restLoad" value="2.12"/>
            <set path="vehicle.wheels.wheelConfigurations.wheelConfiguration(1).wheels.wheel(2).physics#restLoad" value="1.16"/>
            <set path="vehicle.wheels.wheelConfigurations.wheelConfiguration(1).wheels.wheel(3).physics#restLoad" value="1.16"/>
            <set path="vehicle.wheels.wheelConfigurations.wheelConfiguration(1).wheels.wheel(4).physics#restLoad" value="0.85"/>
            <set path="vehicle.wheels.wheelConfigurations.wheelConfiguration(1).wheels.wheel(5).physics#restLoad" value="0.85"/>

            <set path="vehicle.wheels.wheelConfigurations.wheelConfiguration(1).wheels.wheel(0).physics#initialCompression" value="25"/>
            <set path="vehicle.wheels.wheelConfigurations.wheelConfiguration(1).wheels.wheel(1).physics#initialCompression" value="25"/>
            <set path="vehicle.wheels.wheelConfigurations.wheelConfiguration(1).wheels.wheel(2).physics#initialCompression" value="8"/>
            <set path="vehicle.wheels.wheelConfigurations.wheelConfiguration(1).wheels.wheel(3).physics#initialCompression" value="8"/>
            <set path="vehicle.wheels.wheelConfigurations.wheelConfiguration(1).wheels.wheel(4).physics#initialCompression" value="7"/>
            <set path="vehicle.wheels.wheelConfigurations.wheelConfiguration(1).wheels.wheel(5).physics#initialCompression" value="7"/>



            <!-- cummins ntc-400 = "big cam I 400"  -->
            <set path="vehicle.motorized.consumerConfigurations.consumerConfiguration(0).consumer(0)#usage" value="79"/>

            <set path="vehicle.motorized.motorConfigurations.motorConfiguration(0).motor#torqueScale" value="1"/>
            <set path="vehicle.motorized.motorConfigurations.motorConfiguration(0).motor#minRpm" value="608"/>
            <set path="vehicle.motorized.motorConfigurations.motorConfiguration(0).motor#maxRpm" value="2200"/>
            <set path="vehicle.motorized.motorConfigurations.motorConfiguration(0).motor#ptoMotorRpmRatio" value="3.89"/>
            <set path="vehicle.motorized.motorConfigurations.motorConfiguration(0).motor#maxForwardSpeed" value="94"/>
            <set path="vehicle.motorized.motorConfigurations.motorConfiguration(0).motor#maxBackwardSpeed" value="29"/>
            <set path="vehicle.motorized.motorConfigurations.motorConfiguration(0).motor#brakeForce" value="12" />
            <set path="vehicle.motorized.motorConfigurations.motorConfiguration(0).motor#mrGovernorRpmRange" value="260" />

            <set path="vehicle.motorized.motorConfigurations.motorConfiguration(0).motor.torque(0)#rpm" value="600"/>
            <set path="vehicle.motorized.motorConfigurations.motorConfiguration(0).motor.torque(0)#torque" value="0.750"/>

            <set path="vehicle.motorized.motorConfigurations.motorConfiguration(0).motor.torque(1)#rpm" value="800"/>
            <set path="vehicle.motorized.motorConfigurations.motorConfiguration(0).motor.torque(1)#torque" value="0.837"/>

            <set path="vehicle.motorized.motorConfigurations.motorConfiguration(0).motor.torque(2)#rpm" value="1000"/>
            <set path="vehicle.motorized.motorConfigurations.motorConfiguration(0).motor.torque(2)#torque" value="1.000"/>

            <set path="vehicle.motorized.motorConfigurations.motorConfiguration(0).motor.torque(3)#rpm" value="1500"/>
            <set path="vehicle.motorized.motorConfigurations.motorConfiguration(0).motor.torque(3)#torque" value="1.560"/>

            <set path="vehicle.motorized.motorConfigurations.motorConfiguration(0).motor.torque(4)#rpm" value="1800"/>
            <set path="vehicle.motorized.motorConfigurations.motorConfiguration(0).motor.torque(4)#torque" value="1.500"/>

            <set path="vehicle.motorized.motorConfigurations.motorConfiguration(0).motor.torque(5)#rpm" value="2100"/>
            <set path="vehicle.motorized.motorConfigurations.motorConfiguration(0).motor.torque(5)#torque" value="1.350"/>

            <set path="vehicle.motorized.motorConfigurations.motorConfiguration(0).motor.torque(6)#rpm" value="2200"/>
            <set path="vehicle.motorized.motorConfigurations.motorConfiguration(0).motor.torque(6)#torque" value="1.150"/>

            <!-- Eaton Fuller RTO-12513 Transmission
                    rear ratio = 4.33
            -->
            <set path="vehicle.motorized.motorConfigurations.motorConfiguration(0).transmission#autoGearChangeTime" value="0.7"/>
            <set path="vehicle.motorized.motorConfigurations.motorConfiguration(0).transmission#gearChangeTime" value="0.5"/>
            <set path="vehicle.motorized.motorConfigurations.motorConfiguration(0).transmission#axleRatio" value="8.11"/>
            <set path="vehicle.motorized.motorConfigurations.motorConfiguration(0).transmission.directionChange#changeTime" value="0.9"/>

            <set path="vehicle.motorized.motorConfigurations.motorConfiguration(0).transmission.forwardGear(5)#gearRatio" value="2.86"/>
            <set path="vehicle.motorized.motorConfigurations.motorConfiguration(0).transmission.forwardGear(6)#gearRatio" value="2.12"/>
            <set path="vehicle.motorized.motorConfigurations.motorConfiguration(0).transmission.forwardGear(7)#gearRatio" value="1.56"/>
            <set path="vehicle.motorized.motorConfigurations.motorConfiguration(0).transmission.forwardGear(8)#gearRatio" value="1.16"/>

            <set path="vehicle.motorized.motorConfigurations.motorConfiguration(0).transmission.backwardGear(0)#gearRatio" value="13.07"/>
            <set path="vehicle.motorized.motorConfigurations.motorConfiguration(0).transmission.backwardGear(1)#gearRatio" value="3.87"/>

        </attributes>
    </parentFile>

</vehicle>