<?xml version="1.0" encoding="utf-8" standalone="no" ?>
<vehicle type="dynamicMountAttacherShovel" xmlns:xsi="http://www.w3.org/2001/XMLSchema-instance" xsi:noNamespaceSchemaLocation="../../../../shared/xml/schema/vehicle.xsd">

    <MR>true</MR>

    <!-- model E380G
        capacity = 900L
        weight = 360kg
    -->

    <parentFile xmlFilename="$data/vehicles/albutt/frontloaderManureGrab/frontloaderManureGrab.xml">
        <attributes>
            <set path="vehicle.base.components.component(0)#mass" value="260"/>
            <set path="vehicle.base.components.component(1)#mass" value="100"/>
            <set path="vehicle.base.components.component(0)#centerOfMass" value="0 0.2 -0.22" />
            <set path="vehicle.base.components.component(1)#centerOfMass" value="0 0 0" />
        </attributes>
    </parentFile>

</vehicle>