<?xml version="1.0" encoding="utf-8" standalone="no" ?>
<vehicle type="cutter" xmlns:xsi="http://www.w3.org/2001/XMLSchema-instance" xsi:noNamespaceSchemaLocation="../../../../shared/xml/schema/vehicle.xsd">

    <MR>true</MR>

    <mrPowerConsumer maxGroundDistance="0.65" /> <!-- we don't want to apply draftforce when harvesting sunflower -->

    <parentFile xmlFilename="$data/vehicles/geringhoff/northStar1230FB/northStar1230FB.xml">
        <attributes>

            <!-- 3957kg -->
            <set path="vehicle.base.speedLimit#value" value="16" />
            <set path="vehicle.base.components.component(0)#centerOfMass" value="0 0.5 -0.25" />
            <set path="vehicle.base.components.component(0)#mass" value="4000" />

            <set path="vehicle.powerConsumer#ptoRpm" value="540" />
            <set path="vehicle.powerConsumer#neededMaxPtoPower" value="40" />
            <set path="vehicle.powerConsumer#maxForce" value="12" />
            <set path="vehicle.powerConsumer#forceNode" value="northStar1230FB_main_component1" />

        </attributes>
    </parentFile>


</vehicle>