<?xml version="1.0" encoding="utf-8" standalone="no" ?>
<vehicle type="tractor" xmlns:xsi="http://www.w3.org/2001/XMLSchema-instance" xsi:noNamespaceSchemaLocation="../../../../shared/xml/schema/vehicle.xsd">

    <MR>true</MR>

    <parentFile xmlFilename="$data/vehicles/volvo/l120H/l120H.xml">
        <attributes>



            <set path="vehicle.base.components.component(0)#mass" value="8000"/> <!-- main -->
            <set path="vehicle.base.components.component(0)#centerOfMass" value="0 1.3 -1.3" />

            <set path="vehicle.base.components.component(1)#mass" value="5700"/> <!-- front -->
            <set path="vehicle.base.components.component(1)#centerOfMass" value="0 1.1 1.4" />

            <set path="vehicle.base.components.component(2)#mass" value="4000"/> <!-- rear axle -->

            <set path="vehicle.base.components.joint(1)#rotLimit" value="0 0 13"/> <!-- rear axle rotation -->

            <set path="vehicle.wheels.wheelConfigurations.wheelConfiguration(0).wheels.wheel(0).physics#damper" value="20"/>
            <set path="vehicle.wheels.wheelConfigurations.wheelConfiguration(0).wheels.wheel(1).physics#damper" value="20"/>
            <set path="vehicle.wheels.wheelConfigurations.wheelConfiguration(0).wheels.wheel(2).physics#damper" value="20"/>
            <set path="vehicle.wheels.wheelConfigurations.wheelConfiguration(0).wheels.wheel(3).physics#damper" value="20"/>


            <!-- D8M penta/volvo engine 7.8L -->
            <remove path="vehicle.motorized.motorConfigurations.motorConfiguration(0).motor" />
            <set path="vehicle.motorized.motorConfigurations.motorConfiguration(0).motor#minRpm" value="650"/>
            <set path="vehicle.motorized.motorConfigurations.motorConfiguration(0).motor#maxRpm" value="2240"/>
            <set path="vehicle.motorized.motorConfigurations.motorConfiguration(0).motor#ptoMotorRpmRatio" value="4"/>
            <set path="vehicle.motorized.motorConfigurations.motorConfiguration(0).motor#maxForwardSpeed" value="40"/>
            <set path="vehicle.motorized.motorConfigurations.motorConfiguration(0).motor#maxBackwardSpeed" value="33"/>
            <set path="vehicle.motorized.motorConfigurations.motorConfiguration(0).motor#brakeForce" value="20"/>
            <set path="vehicle.motorized.motorConfigurations.motorConfiguration(0).motor#mrGovernorRpmRange" value="110"/>


            <set path="vehicle.motorized.consumerConfigurations.consumerConfiguration(0).consumer(0)#usage" value="54"/>
            <set path="vehicle.motorized.consumerConfigurations.consumerConfiguration(0).consumer(1)#usage" value="1.35"/>
            <set path="vehicle.motorized.motorConfigurations.motorConfiguration(0).motor#torqueScale" value="1"/>

            <set path="vehicle.motorized.motorConfigurations.motorConfiguration(0).motor.torque(0)#rpm" value="650"/>
            <set path="vehicle.motorized.motorConfigurations.motorConfiguration(0).motor.torque(0)#torque" value="0.700"/>

            <set path="vehicle.motorized.motorConfigurations.motorConfiguration(0).motor.torque(1)#rpm" value="800"/>
            <set path="vehicle.motorized.motorConfigurations.motorConfiguration(0).motor.torque(1)#torque" value="0.900"/>

            <set path="vehicle.motorized.motorConfigurations.motorConfiguration(0).motor.torque(2)#rpm" value="1000"/>
            <set path="vehicle.motorized.motorConfigurations.motorConfiguration(0).motor.torque(2)#torque" value="1.150"/>

            <set path="vehicle.motorized.motorConfigurations.motorConfiguration(0).motor.torque(3)#rpm" value="1100"/>
            <set path="vehicle.motorized.motorConfigurations.motorConfiguration(0).motor.torque(3)#torque" value="1.250"/>

            <set path="vehicle.motorized.motorConfigurations.motorConfiguration(0).motor.torque(4)#rpm" value="1200"/>
            <set path="vehicle.motorized.motorConfigurations.motorConfiguration(0).motor.torque(4)#torque" value="1.300"/>

            <set path="vehicle.motorized.motorConfigurations.motorConfiguration(0).motor.torque(5)#rpm" value="1300"/>
            <set path="vehicle.motorized.motorConfigurations.motorConfiguration(0).motor.torque(5)#torque" value="1.310"/>

            <set path="vehicle.motorized.motorConfigurations.motorConfiguration(0).motor.torque(6)#rpm" value="1400"/>
            <set path="vehicle.motorized.motorConfigurations.motorConfiguration(0).motor.torque(6)#torque" value="1.330"/>

            <set path="vehicle.motorized.motorConfigurations.motorConfiguration(0).motor.torque(7)#rpm" value="1450"/>
            <set path="vehicle.motorized.motorConfigurations.motorConfiguration(0).motor.torque(7)#torque" value="1.345"/>

            <set path="vehicle.motorized.motorConfigurations.motorConfiguration(0).motor.torque(8)#rpm" value="1600"/>
            <set path="vehicle.motorized.motorConfigurations.motorConfiguration(0).motor.torque(8)#torque" value="1.230"/>

            <set path="vehicle.motorized.motorConfigurations.motorConfiguration(0).motor.torque(9)#rpm" value="2200"/>
            <set path="vehicle.motorized.motorConfigurations.motorConfiguration(0).motor.torque(9)#torque" value="0.875"/>

            <set path="vehicle.motorized.motorConfigurations.motorConfiguration(0).motor.torque(10)#rpm" value="2240"/>
            <set path="vehicle.motorized.motorConfigurations.motorConfiguration(0).motor.torque(10)#torque" value="0.830"/>

            <!-- powershift transmission -->
            <set path="vehicle.motorized.motorConfigurations.motorConfiguration(0).transmission.forwardGear(0)#maxSpeed" value="7.2"/>
            <set path="vehicle.motorized.motorConfigurations.motorConfiguration(0).transmission.forwardGear(1)#maxSpeed" value="13.6"/>
            <set path="vehicle.motorized.motorConfigurations.motorConfiguration(0).transmission.forwardGear(2)#maxSpeed" value="28.1"/>
            <set path="vehicle.motorized.motorConfigurations.motorConfiguration(0).transmission.forwardGear(3)#maxSpeed" value="47"/>

            <!-- speed needle -->
            <set path="vehicle.motorized.dashboards.dashboard(0)#maxRot" value="-135 0 0"/>
            <!-- rpm needle -->
            <set path="vehicle.motorized.dashboards.dashboard(1)#maxRot" value="178 0 0"/>


        </attributes>
    </parentFile>

</vehicle>