<?xml version="1.0" encoding="utf-8" standalone="no"?>
<vehicle type="trailer" xmlns:xsi="http://www.w3.org/2001/XMLSchema-instance" xsi:noNamespaceSchemaLocation="../../../../shared/xml/schema/vehicle.xsd">

    <MR>true</MR>

    <!--
        tr34090 is "uncommon" (9m length)
        the real model = 34080 (8m length)

        same as 34080, but with 9m length instead of 8m
        => 30m3 without extension
        => 46m3 with 800mm extension
        empty weight without extension = 11200kgs (560/60R22.5 tires) => 11650kgs with 650/55R26.5 or 710/50r26.5
        empty weight with 800mm extension = +400kgs
    -->

    <parentFile xmlFilename="$data/vehicles/brantner/tr34090/tr34090.xml">
        <attributes>

            <set path="vehicle.base.components.component(0)#centerOfMass" value="0 1.6 -0.8"/>
            <set path="vehicle.base.components.component(0)#mass" value="9800"/>

            <set path="vehicle.wheels.wheelConfigurations.wheelConfiguration(0).wheels.wheel(0).physics#suspTravel" value="0.2"/>
            <set path="vehicle.wheels.wheelConfigurations.wheelConfiguration(0).wheels.wheel(1).physics#suspTravel" value="0.2"/>
            <set path="vehicle.wheels.wheelConfigurations.wheelConfiguration(0).wheels.wheel(2).physics#suspTravel" value="0.2"/>
            <set path="vehicle.wheels.wheelConfigurations.wheelConfiguration(0).wheels.wheel(3).physics#suspTravel" value="0.2"/>
            <set path="vehicle.wheels.wheelConfigurations.wheelConfiguration(0).wheels.wheel(4).physics#suspTravel" value="0.2"/>
            <set path="vehicle.wheels.wheelConfigurations.wheelConfiguration(0).wheels.wheel(5).physics#suspTravel" value="0.2"/>

            <set path="vehicle.wheels.wheelConfigurations.wheelConfiguration(0).wheels.wheel(0).physics#spring" value="50"/>
            <set path="vehicle.wheels.wheelConfigurations.wheelConfiguration(0).wheels.wheel(1).physics#spring" value="50"/>
            <set path="vehicle.wheels.wheelConfigurations.wheelConfiguration(0).wheels.wheel(2).physics#spring" value="50"/>
            <set path="vehicle.wheels.wheelConfigurations.wheelConfiguration(0).wheels.wheel(3).physics#spring" value="50"/>
            <set path="vehicle.wheels.wheelConfigurations.wheelConfiguration(0).wheels.wheel(4).physics#spring" value="50"/>
            <set path="vehicle.wheels.wheelConfigurations.wheelConfiguration(0).wheels.wheel(5).physics#spring" value="50"/>

            <set path="vehicle.wheels.wheelConfigurations.wheelConfiguration(0).wheels.wheel(0).physics#damper" value="16"/>
            <set path="vehicle.wheels.wheelConfigurations.wheelConfiguration(0).wheels.wheel(1).physics#damper" value="16"/>
            <set path="vehicle.wheels.wheelConfigurations.wheelConfiguration(0).wheels.wheel(2).physics#damper" value="16"/>
            <set path="vehicle.wheels.wheelConfigurations.wheelConfiguration(0).wheels.wheel(3).physics#damper" value="16"/>
            <set path="vehicle.wheels.wheelConfigurations.wheelConfiguration(0).wheels.wheel(4).physics#damper" value="16"/>
            <set path="vehicle.wheels.wheelConfigurations.wheelConfiguration(0).wheels.wheel(5).physics#damper" value="16"/>

            <!-- extension -->
            <set path="vehicle.fillUnit.fillUnitConfigurations.fillUnitConfiguration(1).objectChange(6)#node" value="tr34090_main_component1"/>
            <set path="vehicle.fillUnit.fillUnitConfigurations.fillUnitConfiguration(1).objectChange(6)#mrAddMassActive" value="400"/>
            <set path="vehicle.fillUnit.fillUnitConfigurations.fillUnitConfiguration(1).objectChange(6)#mrAddMassCOMActive" value="0 3.4 -0.8"/>

            <!-- empty speed -->
            <set path="vehicle.dischargeable.dischargeNode(0)#emptySpeed" value="2000"/>
            <set path="vehicle.dischargeable.dischargeNode(1)#emptySpeed" value="400"/>

        </attributes>
    </parentFile>

</vehicle>