<?xml version="1.0" encoding="utf-8" standalone="no"?>
<vehicle type="cultivator" xmlns:xsi="http://www.w3.org/2001/XMLSchema-instance" xsi:noNamespaceSchemaLocation="../../../../shared/xml/schema/vehicle.xsd">

    <MR>true</MR>

    <!--
    base weight : 2002kg
    weight with double roller tube/flat = 2300kg
    center of mass = 1.77m from the attacher point

    -->

    <parentFile xmlFilename="$data/vehicles/lemken/smaragd9_500k/smaragd9_500k.xml">
        <attributes>
            <set path="vehicle.powerConsumer#maxForce" value="32" />
            <set path="vehicle.base.components.component(0)#centerOfMass" value="0 0.5 -0.07" />
            <set path="vehicle.base.components.component(0)#mass" value="1800" />

            <set path="vehicle.attachable.inputAttacherJoints.inputAttacherJoint(0)#upperRotationOffset" value="15" />

            <set path="vehicle.speedRotatingParts.speedRotatingPart(0)#fadeOutTime" value="10" />
            <set path="vehicle.speedRotatingParts.speedRotatingPart(1)#fadeOutTime" value="10" />
            <set path="vehicle.speedRotatingParts.speedRotatingPart(2)#fadeOutTime" value="10" />
            <set path="vehicle.speedRotatingParts.speedRotatingPart(3)#fadeOutTime" value="10" />

        </attributes>
    </parentFile>

</vehicle>