<?xml version="1.0" encoding="utf-8" standalone="no" ?>
<vehicle type="combineDrivable" xmlns:xsi="http://www.w3.org/2001/XMLSchema-instance" xsi:noNamespaceSchemaLocation="../../../../shared/xml/schema/vehicle.xsd">

    <MR>true</MR>
    <!-- hydrostatic transmission means we don't have the full engine power to the wheels. it depends on the hydraulics motors -->
    <mrTransmission isHydrostatic="true" minRpmWanted="1040" maxRpmWanted="1650" powerRatio="0.8" />
    <!-- threshingPowerFx below 1 means more efficient system than average = less power required -->
    <mrCombine unloadingPower="35" threshingIdlePower="30" threshingPowerFx="1" irlSpotTonPerHour="220" maxFieldThreshingSpeed="17" />

    <parentFile xmlFilename="$data/vehicles/ropa/tiger6S/tiger6S.xml">
        <attributes>

            <set path="vehicle.combine#threshingScale" value="0.96"/>

            <set path="vehicle.powerConsumer#neededMaxPtoPower" value="0"/>

            <!-- about 36000kgs with fuel, fluids and the driver, and some tools and the XL9 header -->
            <set path="vehicle.base.components.component(0)#centerOfMass" value="0 1.2 5.4"/> <!--front part-->
            <set path="vehicle.base.components.component(0)#mass" value="6000"/>
            <set path="vehicle.base.components.component(1)#centerOfMass" value="0 1.6 -1"/> <!-- back part -->
            <set path="vehicle.base.components.component(1)#mass" value="22500"/>


            <!--wheels -->
            <set path="vehicle.wheels.wheelConfigurations.wheelConfiguration(0).wheels.wheel(0).physics#spring" value="130"/>
            <set path="vehicle.wheels.wheelConfigurations.wheelConfiguration(0).wheels.wheel(1).physics#spring" value="130"/>
            <set path="vehicle.wheels.wheelConfigurations.wheelConfiguration(0).wheels.wheel(2).physics#spring" value="130"/>
            <set path="vehicle.wheels.wheelConfigurations.wheelConfiguration(0).wheels.wheel(3).physics#spring" value="130"/>
            <set path="vehicle.wheels.wheelConfigurations.wheelConfiguration(0).wheels.wheel(4).physics#spring" value="130"/>
            <set path="vehicle.wheels.wheelConfigurations.wheelConfiguration(0).wheels.wheel(5).physics#spring" value="130"/>

            <set path="vehicle.wheels.wheelConfigurations.wheelConfiguration(0).wheels.wheel(0).physics#damper" value="15"/>
            <set path="vehicle.wheels.wheelConfigurations.wheelConfiguration(0).wheels.wheel(1).physics#damper" value="15"/>
            <set path="vehicle.wheels.wheelConfigurations.wheelConfiguration(0).wheels.wheel(2).physics#damper" value="15"/>
            <set path="vehicle.wheels.wheelConfigurations.wheelConfiguration(0).wheels.wheel(3).physics#damper" value="15"/>
            <set path="vehicle.wheels.wheelConfigurations.wheelConfiguration(0).wheels.wheel(4).physics#damper" value="15"/>
            <set path="vehicle.wheels.wheelConfigurations.wheelConfiguration(0).wheels.wheel(5).physics#damper" value="15"/>


            <set path="vehicle.powerConsumer#ptoRpm" value="540"/>
            <set path="vehicle.dischargeable.dischargeNode(0)#emptySpeed" value="850"/>

            <set path="vehicle.attacherJoints.attacherJoint(1)#lowerRotLimit" value="25 75 50"/> <!-- trailer high -->


            <set path="vehicle.motorized.differentialConfigurations.differentialConfiguration.differentials.differential(0)#maxSpeedRatio" value="1.3" />
            <set path="vehicle.motorized.differentialConfigurations.differentialConfiguration.differentials.differential(1)#maxSpeedRatio" value="1.3" />
            <set path="vehicle.motorized.differentialConfigurations.differentialConfiguration.differentials.differential(2)#maxSpeedRatio" value="1.3" />
            <set path="vehicle.motorized.differentialConfigurations.differentialConfiguration.differentials.differential(3)#maxSpeedRatio" value="1.3" />
            <set path="vehicle.motorized.differentialConfigurations.differentialConfiguration.differentials.differential(4)#maxSpeedRatio" value="1.3" />


            <!-- volvo penta D16 "TWD1683VE" // 142L/h @1900rpm and 585KW-->
            <!-- DEF = about 6.5% of the fuel rate => 9.25L/H -->
            <set path="vehicle.motorized.consumerConfigurations.consumerConfiguration(0).consumer(0)#usage" value="142"/>
            <set path="vehicle.motorized.consumerConfigurations.consumerConfiguration(0).consumer(1)#usage" value="9.25"/>

            <remove path="vehicle.motorized.motorConfigurations.motorConfiguration(0).motor"/>

            <set path="vehicle.motorized.motorConfigurations.motorConfiguration(0).motor#torqueScale" value="1"/>
            <set path="vehicle.motorized.motorConfigurations.motorConfiguration(0).motor#minRpm" value="796"/>
            <set path="vehicle.motorized.motorConfigurations.motorConfiguration(0).motor#maxRpm" value="2040"/>
            <set path="vehicle.motorized.motorConfigurations.motorConfiguration(0).motor#mrGovernorRpmRange" value="140"/>
            <set path="vehicle.motorized.motorConfigurations.motorConfiguration(0).motor#maxForwardSpeed" value="43"/>
            <set path="vehicle.motorized.motorConfigurations.motorConfiguration(0).motor#maxBackwardSpeed" value="18"/>
            <set path="vehicle.motorized.motorConfigurations.motorConfiguration(0).motor#ptoMotorRpmRatio" value="1.95"/>
            <set path="vehicle.motorized.motorConfigurations.motorConfiguration(0).motor#brakeForce" value="10"/>

            <!-- harvester = greater engine inertia than tractors or other vehicles -->
            <set path="vehicle.motorized.motorConfigurations.motorConfiguration(0).motor#mrInertiaFx" value="1.5" />

            <set path="vehicle.motorized.motorConfigurations.motorConfiguration(0).transmission#minForwardGearRatio" value="14.5"/>
            <set path="vehicle.motorized.motorConfigurations.motorConfiguration(0).transmission#minBackwardGearRatio" value="34.5"/>

            <set path="vehicle.motorized.motorConfigurations.motorConfiguration(0).motor.torque(0)#rpm" value="400"/>
            <set path="vehicle.motorized.motorConfigurations.motorConfiguration(0).motor.torque(0)#torque" value="1.750"/>

            <set path="vehicle.motorized.motorConfigurations.motorConfiguration(0).motor.torque(1)#rpm" value="600"/>
            <set path="vehicle.motorized.motorConfigurations.motorConfiguration(0).motor.torque(1)#torque" value="1.625"/>

            <set path="vehicle.motorized.motorConfigurations.motorConfiguration(0).motor.torque(2)#rpm" value="800"/>
            <set path="vehicle.motorized.motorConfigurations.motorConfiguration(0).motor.torque(2)#torque" value="2.010"/>

            <set path="vehicle.motorized.motorConfigurations.motorConfiguration(0).motor.torque(3)#rpm" value="900"/>
            <set path="vehicle.motorized.motorConfigurations.motorConfiguration(0).motor.torque(3)#torque" value="2.900"/>

            <set path="vehicle.motorized.motorConfigurations.motorConfiguration(0).motor.torque(4)#rpm" value="1000"/>
            <set path="vehicle.motorized.motorConfigurations.motorConfiguration(0).motor.torque(4)#torque" value="3.550"/>

            <set path="vehicle.motorized.motorConfigurations.motorConfiguration(0).motor.torque(5)#rpm" value="1100"/>
            <set path="vehicle.motorized.motorConfigurations.motorConfiguration(0).motor.torque(5)#torque" value="3.620"/>

            <set path="vehicle.motorized.motorConfigurations.motorConfiguration(0).motor.torque(6)#rpm" value="1200"/>
            <set path="vehicle.motorized.motorConfigurations.motorConfiguration(0).motor.torque(6)#torque" value="3.650"/>

            <set path="vehicle.motorized.motorConfigurations.motorConfiguration(0).motor.torque(7)#rpm" value="1300"/>
            <set path="vehicle.motorized.motorConfigurations.motorConfiguration(0).motor.torque(7)#torque" value="3.620"/>

            <set path="vehicle.motorized.motorConfigurations.motorConfiguration(0).motor.torque(8)#rpm" value="1600"/>
            <set path="vehicle.motorized.motorConfigurations.motorConfiguration(0).motor.torque(8)#torque" value="3.480"/>

            <set path="vehicle.motorized.motorConfigurations.motorConfiguration(0).motor.torque(9)#rpm" value="1900"/>
            <set path="vehicle.motorized.motorConfigurations.motorConfiguration(0).motor.torque(9)#torque" value="2.940"/>

            <set path="vehicle.motorized.motorConfigurations.motorConfiguration(0).motor.torque(10)#rpm" value="2040"/>
            <set path="vehicle.motorized.motorConfigurations.motorConfiguration(0).motor.torque(10)#torque" value="2.300"/>



            <set path="vehicle.fillUnit.fillUnitConfigurations.fillUnitConfiguration(0).fillUnits.fillUnit(0)#mrCenterOfMass" value="0 2.7 0"/>

            <set path="vehicle.attacherJoints.attacherJoint(0)#rotLimit" value="0 0 0"/>
            <set path="vehicle.attacherJoints.attacherJoint(0)#rotLimitSpring" value="4000 24000 6000"/> <!-- z-axis / y-axis / x-axis -->
            <set path="vehicle.attacherJoints.attacherJoint(0)#rotLimitDamping" value="60 240 60"/>
            <set path="vehicle.attacherJoints.attacherJoint(0)#allowsJointRotLimitMovement" value="true"/>

        </attributes>
    </parentFile>

</vehicle>