<?xml version="1.0" encoding="utf-8" standalone="no" ?>
<vehicle type="plow" xmlns:xsi="http://www.w3.org/2001/XMLSchema-instance" xsi:noNamespaceSchemaLocation="../../../../shared/xml/schema/vehicle.xsd">

    <MR>true</MR>
    <mrPowerConsumer checkPointWorkAreaStartAndHeightOnly="true" />

    <!--
        base weight = 795kg
        double mettalic wheels = 88kg
        circular coulter = 85kg
        total = 968kg

        working width 1.4m / 3 shares => 18 inches settings
    -->

    <parentFile xmlFilename="$data/vehicles/poettinger/servo25/servo25.xml">
        <attributes>

            <set path="vehicle.base.speedLimit#value" value="15"/>

            <set path="vehicle.base.components.component(0)#centerOfMass" value="0 0.8 -0.2"/>
            <set path="vehicle.base.components.component(0)#mass" value="868"/>

            <set path="vehicle.wheels.wheelConfigurations.wheelConfiguration(0).wheels.wheel(0).physics#mass" value="0.05"/>
            <set path="vehicle.wheels.wheelConfigurations.wheelConfiguration(0).wheels.wheel(1).physics#mass" value="0.05"/>

            <set path="vehicle.wheels.wheelConfigurations.wheelConfiguration(0).wheels.wheel(0).physics#suspTravel" value="0.1"/>
            <set path="vehicle.wheels.wheelConfigurations.wheelConfiguration(0).wheels.wheel(1).physics#suspTravel" value="0.1"/>

            <set path="vehicle.powerConsumer#maxForce" value="18" />

            <set path="vehicle.attachable.inputAttacherJoints.inputAttacherJoint(0)#upperRotationOffset" value="15" />
            <set path="vehicle.attachable.inputAttacherJoints.inputAttacherJoint(0)#lowerRotLimitScale" value="0.02 0 0.2" />
            <set path="vehicle.attachable.inputAttacherJoints.inputAttacherJoint(0).distanceToGround#lower" value="0.32" />

        </attributes>
    </parentFile>

</vehicle>