<?xml version="1.0" encoding="utf-8" standalone="no"?>
<vehicle type="weeder" xmlns:xsi="http://www.w3.org/2001/XMLSchema-instance" xsi:noNamespaceSchemaLocation="../../../../shared/xml/schema/vehicle.xsd">

    <MR>true</MR>
    <mrPowerConsumer forcePointY="0" forcePointZ="-0.2" />

    <!--
    base weight : 3050kilos
    optional in game =
    stone guard for each star
    folding cylinder guard
    hydraulic track width adjustment

    total weight = 3130 kilos

    -->

    <parentFile xmlFilename="$data/vehicles/poettinger/rotocareV12400/rotocareV12400.xml">
        <attributes>

            <set path="vehicle.base.components.component(0)#mass" value="1160" />
            <set path="vehicle.base.components.component(0)#centerOfMass" value="0 0.4 0.3" />
            <set path="vehicle.base.components.component(1)#mass" value="550" />
            <set path="vehicle.base.components.component(1)#centerOfMass" value="0 -0.25 -0.2" />
            <set path="vehicle.base.components.component(2)#mass" value="400" />
            <set path="vehicle.base.components.component(2)#centerOfMass" value="0 -0.25 -0.2" />
            <set path="vehicle.base.components.component(3)#mass" value="550" />
            <set path="vehicle.base.components.component(3)#centerOfMass" value="0 -0.25 -0.2" />
            <set path="vehicle.base.components.component(4)#mass" value="400" />
            <set path="vehicle.base.components.component(4)#centerOfMass" value="0 -0.25 -0.2" />

            <!-- no need to remove speed limit modifier nonsense => MR engine doesn't take it into account -->
            <set path="vehicle.powerConsumer#maxForce" value="12" />

            <set path="vehicle.wheels.wheelConfigurations.wheelConfiguration(0).wheels.wheel(0).physics#mass" value="0.02"/>
            <set path="vehicle.wheels.wheelConfigurations.wheelConfiguration(0).wheels.wheel(1).physics#mass" value="0.02"/>
            <set path="vehicle.wheels.wheelConfigurations.wheelConfiguration(0).wheels.wheel(2).physics#mass" value="0.02"/>
            <set path="vehicle.wheels.wheelConfigurations.wheelConfiguration(0).wheels.wheel(3).physics#mass" value="0.02"/>
            <set path="vehicle.wheels.wheelConfigurations.wheelConfiguration(0).wheels.wheel(4).physics#mass" value="0.01"/>
            <set path="vehicle.wheels.wheelConfigurations.wheelConfiguration(0).wheels.wheel(5).physics#mass" value="0.01"/>

            <set path="vehicle.wheels.wheelConfigurations.wheelConfiguration(0).wheels.wheel(0).physics#rotationDamping" value="0.00011"/>
            <set path="vehicle.wheels.wheelConfigurations.wheelConfiguration(0).wheels.wheel(1).physics#rotationDamping" value="0.00010"/>
            <set path="vehicle.wheels.wheelConfigurations.wheelConfiguration(0).wheels.wheel(2).physics#rotationDamping" value="0.000095"/>
            <set path="vehicle.wheels.wheelConfigurations.wheelConfiguration(0).wheels.wheel(3).physics#rotationDamping" value="0.000105"/>
            <set path="vehicle.wheels.wheelConfigurations.wheelConfiguration(0).wheels.wheel(4).physics#rotationDamping" value="0.000105"/>
            <set path="vehicle.wheels.wheelConfigurations.wheelConfiguration(0).wheels.wheel(5).physics#rotationDamping" value="0.0001"/>

            <set path="vehicle.attachable.inputAttacherJoints.inputAttacherJoint(0)#upperRotationOffset" value="5" />
            <set path="vehicle.attachable.inputAttacherJoints.inputAttacherJoint(0)#lowerRotationOffset" value="5" />
            <set path="vehicle.attachable.inputAttacherJoints.inputAttacherJoint(0)#lowerRotLimitScale" value="0.05 0 0.5" />

        </attributes>
    </parentFile>

</vehicle>