<?xml version="1.0" encoding="utf-8" standalone="no" ?>
<vehicle type="fertilizingSowingMachine" xmlns:xsi="http://www.w3.org/2001/XMLSchema-instance" xsi:noNamespaceSchemaLocation="../../../../shared/xml/schema/vehicle.xsd">

    <MR>true</MR>
    <mrPowerConsumer forcePointY="0.7" forcePointZ="-0.7" />

    <!--

        horsch maestro 9.75 RX

        180kg max pressure per rank (230 with load report system)

        2450kg

    -->

    <parentFile xmlFilename="$data/vehicles/horsch/maestro975RX/maestro975RX.xml">
        <attributes>

            <set path="vehicle.base.speedLimit#value" value="15" />

            <set path="vehicle.base.components.component(0)#mass" value="2285" />
            <set path="vehicle.base.components.component(0)#centerOfMass" value="0 0.6 -0.4" />

            <set path="vehicle.attachable.inputAttacherJoints.inputAttacherJoint(0)#mrLowerRotationOffset" value="2" />
            <set path="vehicle.attachable.inputAttacherJoints.inputAttacherJoint(0)#upperRotationOffset" value="10" />
            <set path="vehicle.attachable.inputAttacherJoints.inputAttacherJoint(0)#lowerTransLimitScale" value="0 1 0" />
            <set path="vehicle.attachable.inputAttacherJoints.inputAttacherJoint(0)#lowerRotLimitScale" value="0.1 0 0" />

            <set path="vehicle.fillUnit.fillUnitConfigurations.fillUnitConfiguration(0).fillUnits.fillUnit(0)#mrCenterOfMass" value="0 0.8 -0.85"/> <!-- seeds config 1 -->
            <set path="vehicle.fillUnit.fillUnitConfigurations.fillUnitConfiguration(1).fillUnits.fillUnit(0)#mrCenterOfMass" value="0 0.8 -0.85"/> <!-- seeds config 2-->

            <set path="vehicle.powerConsumer#maxForce" value="20" /> <!-- draft force : 230*9.81*9 -->
            <set path="vehicle.powerConsumer#ptoRpm" value="486" />
            <set path="vehicle.powerConsumer#neededMaxPtoPower" value="14" /> <!-- hydraulics : air turbine, overpressure system -->

        </attributes>
    </parentFile>

</vehicle>
