<?xml version="1.0" encoding="utf-8" standalone="no" ?>
<vehicle type="trailer" xmlns:xsi="http://www.w3.org/2001/XMLSchema-instance" xsi:noNamespaceSchemaLocation="../../../../shared/xml/schema/vehicle.xsd">

    <MR>true</MR>

    <!--
        59.4 M3
        empty weight between 7600 and 8900
        floor speed = 3.10 meters/min
    -->

    <parentFile xmlFilename="$data/vehicles/krampe/sks30_150/sks30_150.xml">
        <attributes>

            <set path="vehicle.base.components.component(0)#centerOfMass" value="0 1.2 0"/>
            <set path="vehicle.base.components.component(0)#mass" value="7200"/>

            <set path="vehicle.wheels.wheelConfigurations.wheelConfiguration(0).wheels.wheel(0).physics#suspTravel" value="0.2"/>
            <set path="vehicle.wheels.wheelConfigurations.wheelConfiguration(0).wheels.wheel(1).physics#suspTravel" value="0.2"/>
            <set path="vehicle.wheels.wheelConfigurations.wheelConfiguration(0).wheels.wheel(2).physics#suspTravel" value="0.2"/>
            <set path="vehicle.wheels.wheelConfigurations.wheelConfiguration(0).wheels.wheel(3).physics#suspTravel" value="0.2"/>
            <set path="vehicle.wheels.wheelConfigurations.wheelConfiguration(0).wheels.wheel(4).physics#suspTravel" value="0.2"/>
            <set path="vehicle.wheels.wheelConfigurations.wheelConfiguration(0).wheels.wheel(5).physics#suspTravel" value="0.2"/>

            <set path="vehicle.wheels.wheelConfigurations.wheelConfiguration(0).wheels.wheel(0).physics#spring" value="60"/>
            <set path="vehicle.wheels.wheelConfigurations.wheelConfiguration(0).wheels.wheel(1).physics#spring" value="60"/>
            <set path="vehicle.wheels.wheelConfigurations.wheelConfiguration(0).wheels.wheel(2).physics#spring" value="60"/>
            <set path="vehicle.wheels.wheelConfigurations.wheelConfiguration(0).wheels.wheel(3).physics#spring" value="60"/>
            <set path="vehicle.wheels.wheelConfigurations.wheelConfiguration(0).wheels.wheel(4).physics#spring" value="60"/>
            <set path="vehicle.wheels.wheelConfigurations.wheelConfiguration(0).wheels.wheel(5).physics#spring" value="60"/>

            <set path="vehicle.wheels.wheelConfigurations.wheelConfiguration(0).wheels.wheel(0).physics#damper" value="20"/>
            <set path="vehicle.wheels.wheelConfigurations.wheelConfiguration(0).wheels.wheel(1).physics#damper" value="20"/>
            <set path="vehicle.wheels.wheelConfigurations.wheelConfiguration(0).wheels.wheel(2).physics#damper" value="20"/>
            <set path="vehicle.wheels.wheelConfigurations.wheelConfiguration(0).wheels.wheel(3).physics#damper" value="20"/>
            <set path="vehicle.wheels.wheelConfigurations.wheelConfiguration(0).wheels.wheel(4).physics#damper" value="20"/>
            <set path="vehicle.wheels.wheelConfigurations.wheelConfiguration(0).wheels.wheel(5).physics#damper" value="20"/>

            <!-- empty speed -->
            <set path="vehicle.dischargeable.dischargeNode(0)#emptySpeed" value="2700"/>
            <set path="vehicle.dischargeable.dischargeNode(1)#emptySpeed" value="500"/>
            <set path="vehicle.dischargeable.dischargeNode(2)#emptySpeed" value="1300"/>

            <set path="vehicle.trailer.trailerConfigurations.trailerConfiguration(0).trailer.tipSide(2).animation#speedScale" value="0.2"/>

        </attributes>
    </parentFile>

</vehicle>