<?xml version="1.0" encoding="utf-8" standalone="no"?>
<vehicle type="cultivator" xmlns:xsi="http://www.w3.org/2001/XMLSchema-instance" xsi:noNamespaceSchemaLocation="../../../../shared/xml/schema/vehicle.xsd">

    <MR>true</MR>
    <mrPowerConsumer forcePointY="0.2" />

    <!--

        5075kg (double "u" roller) + rear harrow => about 5400kg

        only "shallow" mode = 8-9cm

         -->

    <parentFile xmlFilename="$data/vehicles/kuhn/prolander7500/prolander7500.xml">
        <attributes>

            <set path="vehicle.powerConsumer#maxForce" value="40" />

            <set path="vehicle.base.components.component(0)#centerOfMass" value="0 0.7 -0.1" />
            <set path="vehicle.base.components.component(1)#centerOfMass" value="0 -0.2 0.1" />
            <set path="vehicle.base.components.component(2)#centerOfMass" value="0 -0.2 0.1" />

            <set path="vehicle.base.components.component(0)#mass" value="2100" />
            <set path="vehicle.base.components.component(1)#mass" value="1100" />
            <set path="vehicle.base.components.component(2)#mass" value="1100" />
            <set path="vehicle.base.components.component(3)#mass" value="300" />

            <!-- remove unreal moving center of masses -->
            <remove path="vehicle.animations.animation(0).part(2)" />
            <remove path="vehicle.animations.animation(0).part(2)" />

            <set path="vehicle.wheels.wheelConfigurations.wheelConfiguration(0).wheels.wheel(0).physics#damper" value="10"/>
            <set path="vehicle.wheels.wheelConfigurations.wheelConfiguration(0).wheels.wheel(1).physics#damper" value="10"/>

            <set path="vehicle.wheels.wheelConfigurations.wheelConfiguration(0).wheels.wheel(2).physics#spring" value="20"/>
            <set path="vehicle.wheels.wheelConfigurations.wheelConfiguration(0).wheels.wheel(3).physics#spring" value="20"/>
            <set path="vehicle.wheels.wheelConfigurations.wheelConfiguration(0).wheels.wheel(2).physics#damper" value="50"/>
            <set path="vehicle.wheels.wheelConfigurations.wheelConfiguration(0).wheels.wheel(3).physics#damper" value="50"/>
            <set path="vehicle.wheels.wheelConfigurations.wheelConfiguration(0).wheels.wheel(2).physics#supportsWheelSink" value="false"/>
            <set path="vehicle.wheels.wheelConfigurations.wheelConfiguration(0).wheels.wheel(3).physics#supportsWheelSink" value="false"/>
            <set path="vehicle.wheels.wheelConfigurations.wheelConfiguration(0).wheels.wheel(2).physics#mrFrictionScale" value="0.3"/>
            <set path="vehicle.wheels.wheelConfigurations.wheelConfiguration(0).wheels.wheel(3).physics#mrFrictionScale" value="0.3"/>

            <set path="vehicle.wheels.wheelConfigurations.wheelConfiguration(0).wheels.wheel(4).physics#width" value="1"/>
            <set path="vehicle.wheels.wheelConfigurations.wheelConfiguration(0).wheels.wheel(5).physics#width" value="1"/>
            <set path="vehicle.wheels.wheelConfigurations.wheelConfiguration(0).wheels.wheel(6).physics#width" value="1"/>
            <set path="vehicle.wheels.wheelConfigurations.wheelConfiguration(0).wheels.wheel(7).physics#width" value="1"/>
            <set path="vehicle.wheels.wheelConfigurations.wheelConfiguration(0).wheels.wheel(4).physics#damper" value="50"/>
            <set path="vehicle.wheels.wheelConfigurations.wheelConfiguration(0).wheels.wheel(5).physics#damper" value="50"/>
            <set path="vehicle.wheels.wheelConfigurations.wheelConfiguration(0).wheels.wheel(6).physics#damper" value="50"/>
            <set path="vehicle.wheels.wheelConfigurations.wheelConfiguration(0).wheels.wheel(7).physics#damper" value="50"/>
            <set path="vehicle.wheels.wheelConfigurations.wheelConfiguration(0).wheels.wheel(4).physics#supportsWheelSink" value="false"/>
            <set path="vehicle.wheels.wheelConfigurations.wheelConfiguration(0).wheels.wheel(5).physics#supportsWheelSink" value="false"/>
            <set path="vehicle.wheels.wheelConfigurations.wheelConfiguration(0).wheels.wheel(6).physics#supportsWheelSink" value="false"/>
            <set path="vehicle.wheels.wheelConfigurations.wheelConfiguration(0).wheels.wheel(7).physics#supportsWheelSink" value="false"/>

        </attributes>
    </parentFile>

</vehicle>