<?xml version="1.0" encoding="utf-8" standalone="no"?>
<vehicle type="tractor" xmlns:xsi="http://www.w3.org/2001/XMLSchema-instance" xsi:noNamespaceSchemaLocation="../../../../shared/xml/schema/vehicle.xsd">
    <annotation>Copyright (C) GIANTS Software GmbH, All Rights Reserved.</annotation>

    <MR>true</MR>

    <parentFile xmlFilename="$data/vehicles/caseIH/puma/puma.xml">
        <attributes>


            <set path="vehicle.base.components.component(0)#centerOfMass" value="0 1.4 -0.44"/>
            <set path="vehicle.base.components.component(0)#mass" value="7500"/>
            <set path="vehicle.base.components.component(1)#mass" value="720"/>

            <!-- correct front wheels -->
            <set path="vehicle.wheels.wheelConfigurations.wheelConfiguration(0).wheels.wheel(0)#dimensions" value="600_70R30"/>
            <set path="vehicle.wheels.wheelConfigurations.wheelConfiguration(0).wheels.wheel(1)#dimensions" value="600_70R30"/>
            <set path="vehicle.wheels.wheelConfigurations.wheelConfiguration(2).wheels.wheel(0)#dimensions" value="600_70R30"/>
            <set path="vehicle.wheels.wheelConfigurations.wheelConfiguration(2).wheels.wheel(1)#dimensions" value="600_70R30"/>
            <set path="vehicle.wheels.wheelConfigurations.wheelConfiguration(4).wheels.wheel(0)#dimensions" value="600_70R30"/>
            <set path="vehicle.wheels.wheelConfigurations.wheelConfiguration(4).wheels.wheel(1)#dimensions" value="600_70R30"/>

            <set path="vehicle.wheels.wheelConfigurations.wheelConfiguration(0).wheels.wheel(0).physics#initialCompression" value="20"/>
            <set path="vehicle.wheels.wheelConfigurations.wheelConfiguration(0).wheels.wheel(1).physics#initialCompression" value="20"/>
            <set path="vehicle.wheels.wheelConfigurations.wheelConfiguration(0).wheels.wheel(2).physics#initialCompression" value="20"/>
            <set path="vehicle.wheels.wheelConfigurations.wheelConfiguration(0).wheels.wheel(3).physics#initialCompression" value="20"/>
            <set path="vehicle.wheels.wheelConfigurations.wheelConfiguration(0).wheels.wheel(0).physics#damper" value="25"/>
            <set path="vehicle.wheels.wheelConfigurations.wheelConfiguration(0).wheels.wheel(1).physics#damper" value="25"/>
            <set path="vehicle.wheels.wheelConfigurations.wheelConfiguration(0).wheels.wheel(2).physics#damper" value="20"/>
            <set path="vehicle.wheels.wheelConfigurations.wheelConfiguration(0).wheels.wheel(3).physics#damper" value="20"/>
            <set path="vehicle.wheels.wheelConfigurations.wheelConfiguration(0).wheels.wheel(0).physics#spring" value="80"/>
            <set path="vehicle.wheels.wheelConfigurations.wheelConfiguration(0).wheels.wheel(1).physics#spring" value="80"/>
            <set path="vehicle.wheels.wheelConfigurations.wheelConfiguration(0).wheels.wheel(2).physics#spring" value="120"/>
            <set path="vehicle.wheels.wheelConfigurations.wheelConfiguration(0).wheels.wheel(3).physics#spring" value="120"/>

            <!-- gsVehicleAnalyze fix -->
            <set path="vehicle.wheels.wheelConfigurations.wheelConfiguration(0).wheels.wheel(0).physics#restLoad" value="2.11"/>
            <set path="vehicle.wheels.wheelConfigurations.wheelConfiguration(0).wheels.wheel(1).physics#restLoad" value="2.11"/>
            <set path="vehicle.wheels.wheelConfigurations.wheelConfiguration(0).wheels.wheel(2).physics#restLoad" value="3.08"/>
            <set path="vehicle.wheels.wheelConfigurations.wheelConfiguration(0).wheels.wheel(3).physics#restLoad" value="3.08"/>

            <set path="vehicle.attacherJoints.attacherJoint(0)#lowerRotationOffset" value="1.26"/>
            <set path="vehicle.attacherJoints.attacherJoint(0)#upperRotationOffset" value="1.26"/>
            <set path="vehicle.attacherJoints.attacherJoint(0).distanceToGround#lower" value="0.348"/>
            <set path="vehicle.attacherJoints.attacherJoint(0).distanceToGround#upper" value="1.263"/>

            <set path="vehicle.attacherJoints.attacherJoint(1)#lowerRotationOffset" value="-0.31"/>
            <set path="vehicle.attacherJoints.attacherJoint(1)#upperRotationOffset" value="-0.32"/>
            <set path="vehicle.attacherJoints.attacherJoint(1).distanceToGround#lower" value="0.595"/>
            <set path="vehicle.attacherJoints.attacherJoint(1).distanceToGround#upper" value="1.255"/>

            <set path="vehicle.attacherJoints.attacherJoint(2).distanceToGround#lower" value="0.594"/>
            <set path="vehicle.attacherJoints.attacherJoint(2).distanceToGround#upper" value="1.244"/>

            <set path="vehicle.attacherJoints.attacherJointConfigurations.attacherJointConfiguration(1).attacherJoint(0)#lowerRotationOffset" value="-1.26"/>
            <set path="vehicle.attacherJoints.attacherJointConfigurations.attacherJointConfiguration(1).attacherJoint(0)#upperRotationOffset" value="-1.26"/>
            <set path="vehicle.attacherJoints.attacherJointConfigurations.attacherJointConfiguration(1).attacherJoint(0).distanceToGround#lower" value="0.210"/>
            <set path="vehicle.attacherJoints.attacherJointConfigurations.attacherJointConfiguration(1).attacherJoint(0).distanceToGround#upper" value="1.036"/>

            <!-- end gsVehicleAnalyze -->



            <set path="vehicle.motorized.differentialConfigurations.differentialConfiguration.differentials.differential(0)#maxSpeedRatio" value="1.3" />
            <set path="vehicle.motorized.differentialConfigurations.differentialConfiguration.differentials.differential(1)#maxSpeedRatio" value="1.3" />
            <set path="vehicle.motorized.differentialConfigurations.differentialConfiguration.differentials.differential(2)#maxSpeedRatio" value="1.3" />
            <set path="vehicle.motorized.differentialConfigurations.differentialConfiguration.differentials.differential(2)#torqueRatio" value="0.35" />


            <!-- ************************************************************************************************************************-->
            <!-- 230 -->
            <set path="vehicle.motorized.consumerConfigurations.consumerConfiguration(0).consumer(0)#usage" value="42.5"/> <!-- Max fuel rate @maxPower -->
            <set path="vehicle.motorized.consumerConfigurations.consumerConfiguration(0).consumer(1)#usage" value="3.5"/> <!-- Max adblue rate @maxPower -->

            <remove path="vehicle.motorized.motorConfigurations.motorConfiguration(0).motor" />

            <set path="vehicle.motorized.motorConfigurations.motorConfiguration(0).motor#minRpm" value="850"/>
            <set path="vehicle.motorized.motorConfigurations.motorConfiguration(0).motor#maxRpm" value="2200"/>
            <set path="vehicle.motorized.motorConfigurations.motorConfiguration(0).motor#mrGovernorRpmRange" value="120"/>
            <set path="vehicle.motorized.motorConfigurations.motorConfiguration(0).motor#torqueScale" value="1"/>
            <set path="vehicle.motorized.motorConfigurations.motorConfiguration(0).motor#maxForwardSpeed" value="56"/>
            <set path="vehicle.motorized.motorConfigurations.motorConfiguration(0).motor#maxBackwardSpeed" value="35"/>
            <set path="vehicle.motorized.motorConfigurations.motorConfiguration(0).motor#brakeForce" value="12"/>
            <set path="vehicle.motorized.motorConfigurations.motorConfiguration(0).motor#ptoMotorRpmRatio" value="3.54"/>

            <set path="vehicle.motorized.motorConfigurations.motorConfiguration(0).motor.torque(0)#rpm" value="850"/>
            <set path="vehicle.motorized.motorConfigurations.motorConfiguration(0).motor.torque(0)#torque" value="0.615"/>

            <set path="vehicle.motorized.motorConfigurations.motorConfiguration(0).motor.torque(1)#rpm" value="900"/>
            <set path="vehicle.motorized.motorConfigurations.motorConfiguration(0).motor.torque(1)#torque" value="0.625"/>

            <set path="vehicle.motorized.motorConfigurations.motorConfiguration(0).motor.torque(2)#rpm" value="1000"/>
            <set path="vehicle.motorized.motorConfigurations.motorConfiguration(0).motor.torque(2)#torque" value="0.645"/>

            <set path="vehicle.motorized.motorConfigurations.motorConfiguration(0).motor.torque(3)#rpm" value="1100"/>
            <set path="vehicle.motorized.motorConfigurations.motorConfiguration(0).motor.torque(3)#torque" value="0.695"/>

            <set path="vehicle.motorized.motorConfigurations.motorConfiguration(0).motor.torque(4)#rpm" value="1200"/>
            <set path="vehicle.motorized.motorConfigurations.motorConfiguration(0).motor.torque(4)#torque" value="0.775"/>

            <set path="vehicle.motorized.motorConfigurations.motorConfiguration(0).motor.torque(5)#rpm" value="1300"/>
            <set path="vehicle.motorized.motorConfigurations.motorConfiguration(0).motor.torque(5)#torque" value="0.802"/>

            <set path="vehicle.motorized.motorConfigurations.motorConfiguration(0).motor.torque(6)#rpm" value="1500"/>
            <set path="vehicle.motorized.motorConfigurations.motorConfiguration(0).motor.torque(6)#torque" value="0.828"/>

            <set path="vehicle.motorized.motorConfigurations.motorConfiguration(0).motor.torque(7)#rpm" value="1600"/>
            <set path="vehicle.motorized.motorConfigurations.motorConfiguration(0).motor.torque(7)#torque" value="0.833"/>

            <set path="vehicle.motorized.motorConfigurations.motorConfiguration(0).motor.torque(8)#rpm" value="1700"/>
            <set path="vehicle.motorized.motorConfigurations.motorConfiguration(0).motor.torque(8)#torque" value="0.818"/>

            <set path="vehicle.motorized.motorConfigurations.motorConfiguration(0).motor.torque(9)#rpm" value="1800"/>
            <set path="vehicle.motorized.motorConfigurations.motorConfiguration(0).motor.torque(9)#torque" value="0.812"/>

            <set path="vehicle.motorized.motorConfigurations.motorConfiguration(0).motor.torque(10)#rpm" value="2000"/>
            <set path="vehicle.motorized.motorConfigurations.motorConfiguration(0).motor.torque(10)#torque" value="0.684"/>

            <set path="vehicle.motorized.motorConfigurations.motorConfiguration(0).motor.torque(11)#rpm" value="2200"/>
            <set path="vehicle.motorized.motorConfigurations.motorConfiguration(0).motor.torque(11)#torque" value="0.525"/>

            <set path="vehicle.motorized.motorConfigurations.motorConfiguration(0).transmission#minForwardGearRatio" value="12"/>
            <set path="vehicle.motorized.motorConfigurations.motorConfiguration(0).transmission#minBackwardGearRatio" value="20"/>
            <set path="vehicle.motorized.motorConfigurations.motorConfiguration(0).transmission#maxForwardGearRatio" value="1000"/>
            <set path="vehicle.motorized.motorConfigurations.motorConfiguration(0).transmission#maxBackwardGearRatio" value="1000"/>

            <!-- ************************************************************************************************************************-->
            <!-- 245 -->
            <set path="vehicle.motorized.consumerConfigurations.consumerConfiguration(1).consumer(0)#usage" value="46"/> <!-- Max fuel rate @maxPower -->
            <set path="vehicle.motorized.consumerConfigurations.consumerConfiguration(1).consumer(1)#usage" value="3.8"/> <!-- Max adblue rate @maxPower -->

            <remove path="vehicle.motorized.motorConfigurations.motorConfiguration(1).motor" />

            <set path="vehicle.motorized.motorConfigurations.motorConfiguration(1).motor.torque(0)#rpm" value="850"/>
            <set path="vehicle.motorized.motorConfigurations.motorConfiguration(1).motor.torque(0)#torque" value="0.680"/>

            <set path="vehicle.motorized.motorConfigurations.motorConfiguration(1).motor.torque(1)#rpm" value="900"/>
            <set path="vehicle.motorized.motorConfigurations.motorConfiguration(1).motor.torque(1)#torque" value="0.700"/>

            <set path="vehicle.motorized.motorConfigurations.motorConfiguration(1).motor.torque(2)#rpm" value="1000"/>
            <set path="vehicle.motorized.motorConfigurations.motorConfiguration(1).motor.torque(2)#torque" value="0.760"/>

            <set path="vehicle.motorized.motorConfigurations.motorConfiguration(1).motor.torque(3)#rpm" value="1100"/>
            <set path="vehicle.motorized.motorConfigurations.motorConfiguration(1).motor.torque(3)#torque" value="0.820"/>

            <set path="vehicle.motorized.motorConfigurations.motorConfiguration(1).motor.torque(4)#rpm" value="1200"/>
            <set path="vehicle.motorized.motorConfigurations.motorConfiguration(1).motor.torque(4)#torque" value="0.920"/>

            <set path="vehicle.motorized.motorConfigurations.motorConfiguration(1).motor.torque(5)#rpm" value="1300"/>
            <set path="vehicle.motorized.motorConfigurations.motorConfiguration(1).motor.torque(5)#torque" value="0.964"/>

            <set path="vehicle.motorized.motorConfigurations.motorConfiguration(1).motor.torque(6)#rpm" value="1500"/>
            <set path="vehicle.motorized.motorConfigurations.motorConfiguration(1).motor.torque(6)#torque" value="0.974"/>

            <set path="vehicle.motorized.motorConfigurations.motorConfiguration(1).motor.torque(7)#rpm" value="1600"/>
            <set path="vehicle.motorized.motorConfigurations.motorConfiguration(1).motor.torque(7)#torque" value="0.970"/>

            <set path="vehicle.motorized.motorConfigurations.motorConfiguration(1).motor.torque(8)#rpm" value="1700"/>
            <set path="vehicle.motorized.motorConfigurations.motorConfiguration(1).motor.torque(8)#torque" value="0.935"/>

            <set path="vehicle.motorized.motorConfigurations.motorConfiguration(1).motor.torque(9)#rpm" value="1800"/>
            <set path="vehicle.motorized.motorConfigurations.motorConfiguration(1).motor.torque(9)#torque" value="0.890"/>

            <set path="vehicle.motorized.motorConfigurations.motorConfiguration(1).motor.torque(10)#rpm" value="2000"/>
            <set path="vehicle.motorized.motorConfigurations.motorConfiguration(1).motor.torque(10)#torque" value="0.770"/>

            <set path="vehicle.motorized.motorConfigurations.motorConfiguration(1).motor.torque(11)#rpm" value="2200"/>
            <set path="vehicle.motorized.motorConfigurations.motorConfiguration(1).motor.torque(11)#torque" value="0.607"/>


            <!-- ************************************************************************************************************************-->
            <!-- 260 -->
            <set path="vehicle.motorized.consumerConfigurations.consumerConfiguration(2).consumer(0)#usage" value="48"/> <!-- Max fuel rate @maxPower -->
            <set path="vehicle.motorized.consumerConfigurations.consumerConfiguration(2).consumer(1)#usage" value="3.9"/> <!-- Max adblue rate @maxPower -->

            <remove path="vehicle.motorized.motorConfigurations.motorConfiguration(2).motor" />

            <set path="vehicle.motorized.motorConfigurations.motorConfiguration(2).motor.torque(0)#rpm" value="850"/>
            <set path="vehicle.motorized.motorConfigurations.motorConfiguration(2).motor.torque(0)#torque" value="0.680"/>

            <set path="vehicle.motorized.motorConfigurations.motorConfiguration(2).motor.torque(1)#rpm" value="900"/>
            <set path="vehicle.motorized.motorConfigurations.motorConfiguration(2).motor.torque(1)#torque" value="0.720"/>

            <set path="vehicle.motorized.motorConfigurations.motorConfiguration(2).motor.torque(2)#rpm" value="1000"/>
            <set path="vehicle.motorized.motorConfigurations.motorConfiguration(2).motor.torque(2)#torque" value="0.810"/>

            <set path="vehicle.motorized.motorConfigurations.motorConfiguration(2).motor.torque(3)#rpm" value="1100"/>
            <set path="vehicle.motorized.motorConfigurations.motorConfiguration(2).motor.torque(3)#torque" value="0.870"/>

            <set path="vehicle.motorized.motorConfigurations.motorConfiguration(2).motor.torque(4)#rpm" value="1200"/>
            <set path="vehicle.motorized.motorConfigurations.motorConfiguration(2).motor.torque(4)#torque" value="0.950"/>

            <set path="vehicle.motorized.motorConfigurations.motorConfiguration(2).motor.torque(5)#rpm" value="1300"/>
            <set path="vehicle.motorized.motorConfigurations.motorConfiguration(2).motor.torque(5)#torque" value="0.990"/>

            <set path="vehicle.motorized.motorConfigurations.motorConfiguration(2).motor.torque(6)#rpm" value="1500"/>
            <set path="vehicle.motorized.motorConfigurations.motorConfiguration(2).motor.torque(6)#torque" value="1.000"/>

            <set path="vehicle.motorized.motorConfigurations.motorConfiguration(2).motor.torque(7)#rpm" value="1600"/>
            <set path="vehicle.motorized.motorConfigurations.motorConfiguration(2).motor.torque(7)#torque" value="0.995"/>

            <set path="vehicle.motorized.motorConfigurations.motorConfiguration(2).motor.torque(8)#rpm" value="1700"/>
            <set path="vehicle.motorized.motorConfigurations.motorConfiguration(2).motor.torque(8)#torque" value="0.988"/>

            <set path="vehicle.motorized.motorConfigurations.motorConfiguration(2).motor.torque(9)#rpm" value="1800"/>
            <set path="vehicle.motorized.motorConfigurations.motorConfiguration(2).motor.torque(9)#torque" value="0.943"/>

            <set path="vehicle.motorized.motorConfigurations.motorConfiguration(2).motor.torque(10)#rpm" value="2000"/>
            <set path="vehicle.motorized.motorConfigurations.motorConfiguration(2).motor.torque(10)#torque" value="0.842"/>

            <set path="vehicle.motorized.motorConfigurations.motorConfiguration(2).motor.torque(11)#rpm" value="2200"/>
            <set path="vehicle.motorized.motorConfigurations.motorConfiguration(2).motor.torque(11)#torque" value="0.661"/>

            <!-- ************************************************************************************************************************-->
            <!-- 270 -->
            <set path="vehicle.motorized.consumerConfigurations.consumerConfiguration(3).consumer(0)#usage" value="49"/> <!-- Max fuel rate @maxPower -->
            <set path="vehicle.motorized.consumerConfigurations.consumerConfiguration(3).consumer(1)#usage" value="4"/> <!-- Max adblue rate @maxPower -->

            <remove path="vehicle.motorized.motorConfigurations.motorConfiguration(3).motor" />

            <set path="vehicle.motorized.motorConfigurations.motorConfiguration(3).motor.torque(0)#rpm" value="850"/>
            <set path="vehicle.motorized.motorConfigurations.motorConfiguration(3).motor.torque(0)#torque" value="0.680"/>

            <set path="vehicle.motorized.motorConfigurations.motorConfiguration(3).motor.torque(1)#rpm" value="900"/>
            <set path="vehicle.motorized.motorConfigurations.motorConfiguration(3).motor.torque(1)#torque" value="0.700"/>

            <set path="vehicle.motorized.motorConfigurations.motorConfiguration(3).motor.torque(2)#rpm" value="1000"/>
            <set path="vehicle.motorized.motorConfigurations.motorConfiguration(3).motor.torque(2)#torque" value="0.760"/>

            <set path="vehicle.motorized.motorConfigurations.motorConfiguration(3).motor.torque(3)#rpm" value="1100"/>
            <set path="vehicle.motorized.motorConfigurations.motorConfiguration(3).motor.torque(3)#torque" value="0.870"/>

            <set path="vehicle.motorized.motorConfigurations.motorConfiguration(3).motor.torque(4)#rpm" value="1200"/>
            <set path="vehicle.motorized.motorConfigurations.motorConfiguration(3).motor.torque(4)#torque" value="0.965"/>

            <set path="vehicle.motorized.motorConfigurations.motorConfiguration(3).motor.torque(5)#rpm" value="1300"/>
            <set path="vehicle.motorized.motorConfigurations.motorConfiguration(3).motor.torque(5)#torque" value="1.013"/>

            <set path="vehicle.motorized.motorConfigurations.motorConfiguration(3).motor.torque(6)#rpm" value="1500"/>
            <set path="vehicle.motorized.motorConfigurations.motorConfiguration(3).motor.torque(6)#torque" value="1.044"/>

            <set path="vehicle.motorized.motorConfigurations.motorConfiguration(3).motor.torque(7)#rpm" value="1600"/>
            <set path="vehicle.motorized.motorConfigurations.motorConfiguration(3).motor.torque(7)#torque" value="1.038"/>

            <set path="vehicle.motorized.motorConfigurations.motorConfiguration(3).motor.torque(8)#rpm" value="1700"/>
            <set path="vehicle.motorized.motorConfigurations.motorConfiguration(3).motor.torque(8)#torque" value="1.010"/>

            <set path="vehicle.motorized.motorConfigurations.motorConfiguration(3).motor.torque(9)#rpm" value="1800"/>
            <set path="vehicle.motorized.motorConfigurations.motorConfiguration(3).motor.torque(9)#torque" value="0.975"/>

            <set path="vehicle.motorized.motorConfigurations.motorConfiguration(3).motor.torque(10)#rpm" value="2000"/>
            <set path="vehicle.motorized.motorConfigurations.motorConfiguration(3).motor.torque(10)#torque" value="0.855"/>

            <set path="vehicle.motorized.motorConfigurations.motorConfiguration(3).motor.torque(11)#rpm" value="2200"/>
            <set path="vehicle.motorized.motorConfigurations.motorConfiguration(3).motor.torque(11)#torque" value="0.678"/>

            <!-- ************************************************************************************************************************-->
            <!-- 300 -->
            <set path="vehicle.motorized.consumerConfigurations.consumerConfiguration(4).consumer(0)#usage" value="55"/> <!-- Max fuel rate @maxPower -->
            <set path="vehicle.motorized.consumerConfigurations.consumerConfiguration(4).consumer(1)#usage" value="4.7"/> <!-- Max adblue rate @maxPower -->

            <remove path="vehicle.motorized.motorConfigurations.motorConfiguration(4).motor" />

            <set path="vehicle.motorized.motorConfigurations.motorConfiguration(4).motor.torque(0)#rpm" value="850"/>
            <set path="vehicle.motorized.motorConfigurations.motorConfiguration(4).motor.torque(0)#torque" value="0.680"/>

            <set path="vehicle.motorized.motorConfigurations.motorConfiguration(4).motor.torque(1)#rpm" value="900"/>
            <set path="vehicle.motorized.motorConfigurations.motorConfiguration(4).motor.torque(1)#torque" value="0.700"/>

            <set path="vehicle.motorized.motorConfigurations.motorConfiguration(4).motor.torque(2)#rpm" value="1000"/>
            <set path="vehicle.motorized.motorConfigurations.motorConfiguration(4).motor.torque(2)#torque" value="0.760"/>

            <set path="vehicle.motorized.motorConfigurations.motorConfiguration(4).motor.torque(3)#rpm" value="1100"/>
            <set path="vehicle.motorized.motorConfigurations.motorConfiguration(4).motor.torque(3)#torque" value="0.870"/>

            <set path="vehicle.motorized.motorConfigurations.motorConfiguration(4).motor.torque(4)#rpm" value="1200"/>
            <set path="vehicle.motorized.motorConfigurations.motorConfiguration(4).motor.torque(4)#torque" value="1.150"/>

            <set path="vehicle.motorized.motorConfigurations.motorConfiguration(4).motor.torque(5)#rpm" value="1300"/>
            <set path="vehicle.motorized.motorConfigurations.motorConfiguration(4).motor.torque(5)#torque" value="1.190"/>

            <set path="vehicle.motorized.motorConfigurations.motorConfiguration(4).motor.torque(6)#rpm" value="1500"/>
            <set path="vehicle.motorized.motorConfigurations.motorConfiguration(4).motor.torque(6)#torque" value="1.150"/>

            <set path="vehicle.motorized.motorConfigurations.motorConfiguration(4).motor.torque(7)#rpm" value="1600"/>
            <set path="vehicle.motorized.motorConfigurations.motorConfiguration(4).motor.torque(7)#torque" value="1.130"/>

            <set path="vehicle.motorized.motorConfigurations.motorConfiguration(4).motor.torque(8)#rpm" value="1700"/>
            <set path="vehicle.motorized.motorConfigurations.motorConfiguration(4).motor.torque(8)#torque" value="1.125"/>

            <set path="vehicle.motorized.motorConfigurations.motorConfiguration(4).motor.torque(9)#rpm" value="1800"/>
            <set path="vehicle.motorized.motorConfigurations.motorConfiguration(4).motor.torque(9)#torque" value="1.095"/>

            <set path="vehicle.motorized.motorConfigurations.motorConfiguration(4).motor.torque(10)#rpm" value="2000"/>
            <set path="vehicle.motorized.motorConfigurations.motorConfiguration(4).motor.torque(10)#torque" value="0.950"/>

            <set path="vehicle.motorized.motorConfigurations.motorConfiguration(4).motor.torque(11)#rpm" value="2200"/>
            <set path="vehicle.motorized.motorConfigurations.motorConfiguration(4).motor.torque(11)#torque" value="0.680"/>

            <!-- ************************************************************************************************************************-->

            <!-- attacher joint rot limit -->
            <set path="vehicle.attacherJoints.attacherJoint(1)#lowerRotLimit" value="25 70 50"/> <!-- trailer high -->
            <set path="vehicle.attacherJoints.attacherJoint(2)#lowerRotLimit" value="25 70 50"/> <!-- trailer low -->

            <!-- fuel tank -->
            <set path="vehicle.fillUnit.fillUnitConfigurations.fillUnitConfiguration(0).fillUnits.fillUnit(0)#capacity" value="465"/>
            <set path="vehicle.fillUnit.fillUnitConfigurations.fillUnitConfiguration(0).fillUnits.fillUnit(1)#capacity" value="54"/>



            <!-- ******************   END MR modification   *********************  -->







            <!-- Store data -->
            <set path="vehicle.storeData.name" value="Absolut CVT"/>
            <set path="vehicle.storeData.image" value="$data/vehicles/steyr/absolut/store_absolut.png"/>
            <set path="vehicle.storeData.price" value="239500"/>
            <set path="vehicle.storeData.brand" value="STEYR"/>

            <!-- hubColor -->
            <set path="vehicle.wheels.hubMaterial#materialTemplateName" value="STEYR_BLACK"/>

            <!-- Design -->
            <set path="vehicle.designConfigurations.designConfiguration(0)#isSelectable" value="false"/>
            <set path="vehicle.designConfigurations.designConfiguration(1)#isSelectable" value="false"/>
            <set path="vehicle.designConfigurations.designConfiguration(2)#isSelectable" value="true"/>

            <!-- RimColor -->
            <set path="vehicle.rimColorConfigurations.rimColorConfiguration(0)#isSelectable" value="false"/>
            <set path="vehicle.rimColorConfigurations.rimColorConfiguration(1)#isSelectable" value="false"/>
            <set path="vehicle.rimColorConfigurations.rimColorConfiguration(2)#isSelectable" value="true"/>

            <!-- Attacherjoints -->
            <set path="vehicle.attacherJoints.attacherJoint(0).topArm#materialTemplateName" value="STEYR_BLACK"/>
            <set path="vehicle.attacherJoints.attacherJoint(0).topArm#materialTemplateName2" value="STEYR_BLACK"/>
            <set path="vehicle.attacherJoints.attacherJointConfigurations.attacherJointConfiguration(0)#isSelectable" value="true"/>
            <set path="vehicle.attacherJoints.attacherJointConfigurations.attacherJointConfiguration(1)#isSelectable" value="false"/>
            <set path="vehicle.attacherJoints.attacherJointConfigurations.attacherJointConfiguration(0).attacherJoint(0).topArm#materialTemplateName" value="STEYR_BLACK"/>

            <!-- Motorized -->
            <set path="vehicle.motorized.motorConfigurations.motorConfiguration(0)#name" value="Absolut 6200 CVT"/>
            <set path="vehicle.motorized.motorConfigurations.motorConfiguration(1)#name" value="Absolut 6220 CVT"/>
            <set path="vehicle.motorized.motorConfigurations.motorConfiguration(2)#name" value="Absolut 6240 CVT"/>
            <set path="vehicle.motorized.motorConfigurations.motorConfiguration(3)#name" value="Absolut 6260 CVT"/>
            <set path="vehicle.motorized.motorConfigurations.motorConfiguration(4)#name" value="Absolut 6280 CVT"/>
         </attributes>
    </parentFile>

    <!-- ONLY FOR ICON GENERATION -->
    <storeData>
        <name>Absolut</name>
        <image>$data/vehicles/steyr/absolut/store_absolut.png</image>
        <brand>STEYR</brand>
        <category>tractorsM</category>
        <vertexBufferMemoryUsage>0</vertexBufferMemoryUsage>
        <indexBufferMemoryUsage>0</indexBufferMemoryUsage>
        <textureMemoryUsage>0</textureMemoryUsage>
        <audioMemoryUsage>0</audioMemoryUsage>
        <instanceVertexBufferMemoryUsage>0</instanceVertexBufferMemoryUsage>
        <instanceIndexBufferMemoryUsage>0</instanceIndexBufferMemoryUsage>
    </storeData>
</vehicle>