<?xml version="1.0" encoding="utf-8" standalone="no"?>
<vehicle type="weeder" xmlns:xsi="http://www.w3.org/2001/XMLSchema-instance" xsi:noNamespaceSchemaLocation="../../../../shared/xml/schema/vehicle.xsd">

    <MR>true</MR>
    <mrPowerConsumer forcePointY="0.1" forcePointZ="-2" />

    <!--
    base weight : 4440kilos

    500L seed tank

    -->

    <parentFile xmlFilename="$data/vehicles/einboeck/pneumaticstarPro1200/pneumaticstarPro1200.xml">
        <attributes>

            <set path="vehicle.base.components.component(0)#mass" value="2925" />
            <set path="vehicle.base.components.component(0)#centerOfMass" value="0 0.65 0.6" />

            <set path="vehicle.powerConsumer#maxForce" value="26" />
            <set path="vehicle.powerConsumer#ptoRpm" value="500" />

            <set path="vehicle.fillUnit.fillUnitConfigurations.fillUnitConfiguration(0).fillUnits.fillUnit(0)#capacity" value="500" />

        </attributes>
    </parentFile>

</vehicle>