<?xml version="1.0" encoding="utf-8" standalone="no" ?>
<vehicle type="cutter" xmlns:xsi="http://www.w3.org/2001/XMLSchema-instance" xsi:noNamespaceSchemaLocation="../../../../shared/xml/schema/vehicle.xsd">

    <MR>true</MR>

    <parentFile xmlFilename="$data/vehicles/claas/vario620/vario620.xml">
        <attributes>
            <set path="vehicle.base.speedLimit#value" value="15" />
            <set path="vehicle.base.components.component(0)#centerOfMass" value="0 0.35 0" />

            <set path="vehicle.powerConsumer#ptoRpm" value="540" />
            <set path="vehicle.powerConsumer#neededMaxPtoPower" value="10" />
        </attributes>
    </parentFile>

</vehicle>