<?xml version="1.0" encoding="utf-8" standalone="no" ?>
<vehicle type="cutter" xmlns:xsi="http://www.w3.org/2001/XMLSchema-instance" xsi:noNamespaceSchemaLocation="../../../../shared/xml/schema/vehicle.xsd">

    <MR>true</MR>

    <parentFile xmlFilename="$data/vehicles/caseIH/terraFlex3020/terraFlex3020.xml">
        <attributes>

            <!-- MR settings - same as caseIH terraFlex 3020 -->
            <set path="vehicle.base.speedLimit#value" value="15" />
            <set path="vehicle.base.components.component(0)#centerOfMass" value="0 0.4 -0.5" />

            <set path="vehicle.powerConsumer#ptoRpm" value="540" />
            <set path="vehicle.powerConsumer#neededMaxPtoPower" value="12" />
            <set path="vehicle.powerConsumer#maxForce" value="7" />
            <set path="vehicle.powerConsumer#forceNode" value="terraFlex3020_main_component1" />
            <!-- END MR settings -->

            <set path="vehicle.storeData.name" value="SuperFlex 25FT"/>
            <set path="vehicle.storeData.brand" value="NEWHOLLAND"/>
            <set path="vehicle.storeData.image" value="$data/vehicles/newHolland/superFlex25/store_superFlex25.png"/>

            <set path="vehicle.storeData.specs.combination(0)#xmlFilename" value="$data/vehicles/newHolland/chSeries/chSeries.xml"/>

            <set path="vehicle.designConfigurations.designConfiguration(0)#isSelectable" value="false"/>
            <set path="vehicle.designConfigurations.designConfiguration(1)#isSelectable" value="true"/>

        </attributes>
    </parentFile>

    <!-- ONLY FOR ICON GENERATION -->
    <storeData>
        <name>SuperFlex 25FT</name>
        <image>$data/vehicles/newHolland/superFlex25/store_superFlex25.png</image>
        <brand>NEWHOLLAND</brand>
        <category>cutters</category>
        <vertexBufferMemoryUsage>0</vertexBufferMemoryUsage>
        <indexBufferMemoryUsage>0</indexBufferMemoryUsage>
        <textureMemoryUsage>0</textureMemoryUsage>
        <audioMemoryUsage>0</audioMemoryUsage>
        <instanceVertexBufferMemoryUsage>0</instanceVertexBufferMemoryUsage>
        <instanceIndexBufferMemoryUsage>0</instanceIndexBufferMemoryUsage>
    </storeData>

</vehicle>