<!-- this is the exact same xml than base DLC file => to be overrided by MR version of the vehicle
       by doing that, it is easier to update this file if there is a change in a new version of the DLC
       see "MR_StoreManager.lua" to get the original xml file content
-->

<vehicle type="tractor" xmlns:xsi="http://www.w3.org/2001/XMLSchema-instance" xsi:noNamespaceSchemaLocation="../../../../../../bin/shared/xml/schema/vehicle.xsd">
    <annotation>Copyright (C) GIANTS Software GmbH, All Rights Reserved.</annotation>
    <storeData>
        <name>1156</name>
        <specs>
            <power>470</power>
            <maxSpeed>20</maxSpeed>
        </specs>
        <functions>
            <function>$l10n_function_tractor</function>
        </functions>
        <image>vehicles/versatile/series1156/store_series1156.png</image>
        <price>171500</price>
        <lifetime>600</lifetime>
        <rotation>0</rotation>
        <brand>VERSATILE</brand>
        <category>tractorsL</category>
        <shopTranslationOffset>0 0.003 0</shopTranslationOffset>
        <shopRotationOffset>-0.286 0 0</shopRotationOffset>
        <vertexBufferMemoryUsage>2818048</vertexBufferMemoryUsage>
        <indexBufferMemoryUsage>1132800</indexBufferMemoryUsage>
        <textureMemoryUsage>1638400</textureMemoryUsage>
        <instanceVertexBufferMemoryUsage>0</instanceVertexBufferMemoryUsage>
        <instanceIndexBufferMemoryUsage>0</instanceIndexBufferMemoryUsage>
        <audioMemoryUsage>604741</audioMemoryUsage>
    </storeData>
    <base>
        <typeDesc>$l10n_typeDesc_tractor</typeDesc>
        <filename>vehicles/versatile/series1156/series1156.i3d</filename>
        <sounds filename="vehicles/versatile/series1156/sounds/series1156.xml" volumeFactor="0.63"/>
        <size width="2.9" length="7" height="4" lengthOffset="0.03"/>
        <components>
            <component centerOfMass="0 0.4 0.25" solverIterationCount="30" mass="4295"/>
            <component centerOfMass="0 0 0" solverIterationCount="10" mass="4295"/>
            <joint component1="1" component2="2" node="componentJointBack" rotLimit="0 0 10" rotLimitSpring="0 0 4000" rotLimitDamping="0 0 30" maxRotDriveForce="0 0 30" rotDriveRotation="0 0 0" rotDriveSpring="0 0 30" rotDriveDamping="0 0 30" transLimit="0 0 0"/>
        </components>
        <schemaOverlay attacherJointPosition="0 0" name="VEHICLE"/>
        <mapHotspot type="TRACTOR"/>
        <steeringAxle node="1>"/>
    </base>
    <cropSensor>
        <cropSensorConfigurations isYesNoOption="true">
            <cropSensorConfiguration name="$l10n_configuration_valueNo" price="0"/>
            <cropSensorConfiguration name="$l10n_configuration_valueYes" price="14950">
                <sensorLinkNode node="cropSensorTop" type="SENSOR_TOP"/>
                <sensorLinkNode node="cropSensorLeft" type="SENSOR_LEFT" rotation="0 0 0">
                    <rotationNode rotation="-45 0 0"/>
                    <rotationNode rotation="-45 0 0"/>
                </sensorLinkNode>
                <sensorLinkNode node="cropSensorRight" type="SENSOR_RIGHT" rotation="0 0 0">
                    <rotationNode rotation="-45 0 0"/>
                    <rotationNode rotation="-45 0 0"/>
                </sensorLinkNode>
            </cropSensorConfiguration>
        </cropSensorConfigurations>
    </cropSensor>
    <wheels>
        <wheelConfigurations tireCategories="TRACTOR HARVESTER">
            <wheelConfiguration name="$l10n_configuration_valueDefault" price="0" saveId="DEFAULT" numDynamicConfigurations="1">
                <tireCombination brand="MICHELIN" names="megaXbib agriBib"/>
                <tireCombination brand="VREDESTEIN" names="traxionXXL traxion85"/>
                <wheels autoRotateBackSpeed="2.2">
                    <wheel dimensions="800_65R32" isLeft="true" hasTireTracks="true" hasParticles="true" rimOffset="0.01">
                        <physics tipOcclusionAreaGroupId="1" rotSpeed="0" restLoad="2.9" repr="wheelFrontLeft" forcePointRatio="0.45" initialCompression="25" suspTravel="0.14" spring="70" damper="70" yOffset="0.038" transRatio="1"/>
                    </wheel>
                    <wheel dimensions="800_65R32" isLeft="false" hasTireTracks="true" hasParticles="true" rimOffset="0.01">
                        <physics tipOcclusionAreaGroupId="1" rotSpeed="0" restLoad="2.9" repr="wheelFrontRight" forcePointRatio="0.45" initialCompression="25" suspTravel="0.14" spring="70" damper="70" yOffset="0.038" transRatio="1"/>
                    </wheel>
                    <wheel dimensions="800_65R32" isLeft="true" hasTireTracks="true" hasParticles="true" rimOffset="0.01">
                        <physics tipOcclusionAreaGroupId="1" rotSpeed="0" restLoad="2.9" repr="wheelBackLeft" forcePointRatio="0.45" initialCompression="25" suspTravel="0.14" spring="70" damper="70" yOffset="0.038" transRatio="1"/>
                    </wheel>
                    <wheel dimensions="800_65R32" isLeft="false" hasTireTracks="true" hasParticles="true" rimOffset="0.01">
                        <physics tipOcclusionAreaGroupId="1" rotSpeed="0" restLoad="2.9" repr="wheelBackRight" forcePointRatio="0.45" initialCompression="25" suspTravel="0.14" spring="70" damper="70" yOffset="0.038" transRatio="1"/>
                    </wheel>
                </wheels>
            </wheelConfiguration>
            <wheelConfiguration name="$l10n_configuration_valueWheelBroad" price="5000" saveId="BROAD" numDynamicConfigurations="1">
                <wheels baseConfig="DEFAULT">
                    <wheel dimensions="1050_50R32" rimOffset="0.13"/>
                    <wheel dimensions="1050_50R32" rimOffset="0.13"/>
                    <wheel dimensions="1050_50R32" rimOffset="0.13"/>
                    <wheel dimensions="1050_50R32" rimOffset="0.13"/>
                </wheels>
            </wheelConfiguration>
            <wheelConfiguration name="$l10n_configuration_valueTwinWheelsNarrow" price="6000" saveId="TWIN_ALL_NARROW" numDynamicConfigurations="1">
                <wheels baseConfig="DEFAULT" isCareWheelConfiguration="true">
                    <wheel dimensions="520_85R38 480_80R42">
                        <innerRim offset="0.01"/>
                        <additionalWheel configId="dual" offset="0.17">
                            <connector filename="$data/shared/wheels/rims/dual001_4.xml" diameter="35" startPosOffset="-3" hookOffset="12"/>
                        </additionalWheel>
                    </wheel>
                    <wheel dimensions="520_85R38 480_80R42">
                        <innerRim offset="0.01"/>
                        <additionalWheel configId="dual" offset="0.17">
                            <connector filename="$data/shared/wheels/rims/dual001_4.xml" diameter="35" startPosOffset="-3" hookOffset="12"/>
                        </additionalWheel>
                    </wheel>
                    <wheel dimensions="520_85R38 480_80R42">
                        <innerRim offset="0.01"/>
                        <additionalWheel configId="dual" offset="0.17">
                            <connector filename="$data/shared/wheels/rims/dual001_4.xml" diameter="35" startPosOffset="-3" hookOffset="12"/>
                        </additionalWheel>
                    </wheel>
                    <wheel dimensions="520_85R38 480_80R42">
                        <innerRim offset="0.01"/>
                        <additionalWheel configId="dual" offset="0.17">
                            <connector filename="$data/shared/wheels/rims/dual001_4.xml" diameter="35" startPosOffset="-3" hookOffset="12"/>
                        </additionalWheel>
                    </wheel>
                </wheels>
            </wheelConfiguration>
            <wheelConfiguration name="$l10n_configuration_valueTwinWheelsAll" price="12000" saveId="TWIN_ALL" numDynamicConfigurations="1">
                <wheels baseConfig="DEFAULT">
                    <wheel>
                        <additionalWheel configId="dual" offset="0.17">
                            <connector filename="$data/shared/wheels/rims/dual001_4.xml" diameter="30" startPosOffset="-3" hookOffset="20"/>
                        </additionalWheel>
                    </wheel>
                    <wheel>
                        <additionalWheel configId="dual" offset="0.17">
                            <connector filename="$data/shared/wheels/rims/dual001_4.xml" diameter="30" startPosOffset="-3" hookOffset="20"/>
                        </additionalWheel>
                    </wheel>
                    <wheel>
                        <additionalWheel configId="dual" offset="0.17">
                            <connector filename="$data/shared/wheels/rims/dual001_4.xml" diameter="30" startPosOffset="-3" hookOffset="20"/>
                        </additionalWheel>
                    </wheel>
                    <wheel>
                        <additionalWheel configId="dual" offset="0.17">
                            <connector filename="$data/shared/wheels/rims/dual001_4.xml" diameter="30" startPosOffset="-3" hookOffset="20"/>
                        </additionalWheel>
                    </wheel>
                </wheels>
            </wheelConfiguration>
            <wheelConfiguration name="$l10n_configuration_valueTripleWheelsAll" price="12000" saveId="TRIPLE_ALL" numDynamicConfigurations="1">
                <wheels baseConfig="TWIN_ALL_NARROW" isCareWheelConfiguration="false">
                    <wheel>
                        <additionalWheel configId="dual" offset="0.17">
                            <connector filename="$data/shared/wheels/rims/dual001_4.xml" diameter="35" startPosOffset="-3" endPosOffset="28" hookOffset="10"/>
                        </additionalWheel>
                        <additionalWheel configId="dual" offset="0.17"/>
                    </wheel>
                    <wheel>
                        <additionalWheel configId="dual" offset="0.17">
                            <connector filename="$data/shared/wheels/rims/dual001_4.xml" diameter="35" startPosOffset="-3" endPosOffset="28" hookOffset="10"/>
                        </additionalWheel>
                        <additionalWheel configId="dual" offset="0.17"/>
                    </wheel>
                    <wheel>
                        <additionalWheel configId="dual" offset="0.17">
                            <connector filename="$data/shared/wheels/rims/dual001_4.xml" diameter="35" startPosOffset="-3" endPosOffset="28" hookOffset="10"/>
                        </additionalWheel>
                        <additionalWheel configId="dual" offset="0.17"/>
                    </wheel>
                    <wheel>
                        <additionalWheel configId="dual" offset="0.17">
                            <connector filename="$data/shared/wheels/rims/dual001_4.xml" diameter="35" startPosOffset="-3" endPosOffset="28" hookOffset="10"/>
                        </additionalWheel>
                        <additionalWheel configId="dual" offset="0.17"/>
                    </wheel>
                </wheels>
            </wheelConfiguration>
        </wheelConfigurations>
        <rimMaterial materialTemplateName="VERSATILE_ORANGE1"/>
        <hubMaterial materialTemplateName="VERSATILE_RED1"/>
        <hubs>
            <hub linkNode="wheelFrontLeft" filename="$data/shared/wheels/hubs/hub_n12_9.xml" isLeft="true" scale="0.55 0.55 0.55" offset="-0.005"/>
            <hub linkNode="wheelFrontRight" filename="$data/shared/wheels/hubs/hub_n12_9.xml" isLeft="false" scale="0.55 0.55 0.55" offset="-0.005"/>
            <hub linkNode="wheelBackLeft" filename="$data/shared/wheels/hubs/hub_n12_9.xml" isLeft="true" scale="0.55 0.55 0.55" offset="-0.005"/>
            <hub linkNode="wheelBackRight" filename="$data/shared/wheels/hubs/hub_n12_9.xml" isLeft="false" scale="0.55 0.55 0.55" offset="-0.005"/>
        </hubs>
        <ackermannSteeringConfigurations>
            <ackermannSteering rotSpeed="25" rotMax="20" rotCenter="0 0"/>
        </ackermannSteeringConfigurations>
    </wheels>
    <rimColorConfigurations>
        <rimColorConfiguration materialTemplateName="VERSATILE_ORANGE1" isSelectable="true"/>
        <rimColorConfiguration materialTemplateName="SHARED_WHITE1" isSelectable="false"/>
    </rimColorConfigurations>
    <designConfigurations>
        <designConfiguration isSelectable="true">
            <material materialSlotName="red_mat" materialTemplateName="VERSATILE_RED1" materialTemplateUseColorOnly="true"/>
            <material materialSlotName="red2_mat" materialTemplateName="VERSATILE_RED1" materialTemplateUseColorOnly="true"/>
            <material materialSlotName="yellow_mat" materialTemplateName="VERSATILE_ORANGE1"/>
            <material materialSlotName="yellowRoof_mat" materialTemplateName="VERSATILE_ORANGE1"/>
            <material materialSlotName="black_mat" materialTemplateName="metalPaintedBlack"/>
            <material materialSlotName="grid_mat" materialTemplateName="VERSATILE_ORANGE1"/>
            <objectChange node="configuration_versatileFront" visibilityActive="true" visibilityInactive="false"/>
        </designConfiguration>
        <designConfiguration isSelectable="false">
            <material materialSlotName="red_mat" materialTemplateName="FORD_BLUE1" materialTemplateUseColorOnly="true"/>
            <material materialSlotName="red2_mat" materialTemplateName="FORD_BLUE1" materialTemplateUseColorOnly="true"/>
            <material materialSlotName="yellow_mat" materialTemplateName="FORD_BLUE1"/>
            <material materialSlotName="yellowRoof_mat" materialTemplateName="SHARED_WHITE1" materialTemplateUseColorOnly="true"/>
            <material materialSlotName="black_mat" materialTemplateName="FORD_BLUE1"/>
            <material materialSlotName="grid_mat" materialTemplateName="metalPaintedBlack"/>
            <objectChange node="configuration_fordFront" visibilityActive="true" visibilityInactive="false"/>
        </designConfiguration>
    </designConfigurations>
    <design2Configurations title="$l10n_configuration_additionalWeight">
        <design2Configuration name="$l10n_configuration_valueNo">
            <objectChange node="config_weightBack400" visibilityActive="false"/>
            <objectChange node="config_weightBack1000" visibilityActive="false"/>
            <objectChange node="config_weightBack1600" visibilityActive="false"/>
            <objectChange node="config_weightBack2000" visibilityActive="false"/>
        </design2Configuration>
        <design2Configuration name="$l10n_configuration_additionalWeightX" params="400" price="640">
            <objectChange node="config_weightBack400" visibilityActive="true"/>
            <objectChange node="config_weightBack1000" visibilityActive="false"/>
            <objectChange node="config_weightBack1600" visibilityActive="false"/>
            <objectChange node="config_weightBack2000" visibilityActive="false"/>
            <component node="series1156_back_component2" additionalMassNode="config_weightBack400" additionalMass="400"/>
        </design2Configuration>
        <design2Configuration name="$l10n_configuration_additionalWeightX" params="1000" price="1600">
            <objectChange node="config_weightBack400" visibilityActive="true"/>
            <objectChange node="config_weightBack1000" visibilityActive="true"/>
            <objectChange node="config_weightBack1600" visibilityActive="false"/>
            <objectChange node="config_weightBack2000" visibilityActive="false"/>
            <component node="series1156_back_component2" additionalMassNode="config_weightBack400" additionalMass="1000"/>
        </design2Configuration>
        <design2Configuration name="$l10n_configuration_additionalWeightX" params="1600" price="2560">
            <objectChange node="config_weightBack400" visibilityActive="true"/>
            <objectChange node="config_weightBack1000" visibilityActive="true"/>
            <objectChange node="config_weightBack1600" visibilityActive="true"/>
            <objectChange node="config_weightBack2000" visibilityActive="false"/>
            <component node="series1156_back_component2" additionalMassNode="config_weightBack400" additionalMass="1600"/>
        </design2Configuration>
        <design2Configuration name="$l10n_configuration_additionalWeightX" params="2000" price="3200">
            <objectChange node="config_weightBack400" visibilityActive="true"/>
            <objectChange node="config_weightBack1000" visibilityActive="true"/>
            <objectChange node="config_weightBack1600" visibilityActive="true"/>
            <objectChange node="config_weightBack2000" visibilityActive="true"/>
            <component node="series1156_back_component2" additionalMassNode="config_weightBack400" additionalMass="2000"/>
        </design2Configuration>
    </design2Configurations>
    <speedRotatingParts>
        <speedRotatingPart nodes="kardanFront01 kardanFront02 kardanFront03 kardanFront04 kardanFront05 kardanConnectionRot kardanBackPart01 kardanBackPart02" wheelScale="5" wheelNodes="wheelBackLeft wheelBackRight"/>
    </speedRotatingParts>
    <articulatedAxis componentJointIndex="1" anchorActor="0" rotSpeed="-27" rotMax="35" rotMin="-35" aiReverserNode="aiReverserNode" maxTurningRadius="5.5">
        <sounds>
            <steering template="hydraulicClose02" pitchScale="0.6" volumeScale="1.8" linkNodeOffset="0 2 -1.4" innerRadius="3" outerRadius="15" fadeIn="0.1" fadeOut="0.1">
                <volume indoor="0.55" outdoor="1.3"/>
                <lowpassGain indoor="0.6" outdoor="1"/>
            </steering>
        </sounds>
    </articulatedAxis>
    <lights>
        <states>
            <state lightTypes="0"/>
            <state lightTypes="0 1"/>
            <state lightTypes="0 1 2"/>
        </states>
        <realLights>
            <low>
                <light node="frontLightLow" lightTypes="0" excludedLightTypes="2 3"/>
                <light node="workLightBackLow" lightTypes="1"/>
                <light node="workLightFrontLow" lightTypes="2"/>
                <light node="highBeamLow" lightTypes="3"/>
            </low>
            <high>
                <light node="frontLightHigh" lightTypes="0" excludedLightTypes="2 3"/>
                <light node="interiorScreenLight" lightTypes="0"/>
                <light node="workLightBackHigh" lightTypes="1"/>
                <light node="workLightFrontHigh" lightTypes="2"/>
                <light node="highBeamHigh" lightTypes="3"/>
                <light node="backLightsHigh" lightTypes="0"/>
                <brakeLight node="backLightsHigh"/>
                <turnLightLeft node="turnLightLeftFront"/>
                <turnLightRight node="turnLightRightFront"/>
            </high>
        </realLights>
        <staticLightCompounds>
            <staticLightCompound>
                <node node="staticLightFront" intensity="15"/>
                <node node="staticLightFrontGlass" intensity="1"/>
                <node node="staticLightBack" intensity="15"/>
                <node node="staticLightBackGlass" intensity="1"/>
            </staticLightCompound>
        </staticLightCompounds>
        <dashboards>
            <dashboard displayType="EMITTER" valueType="lightState" lightTypes="0" node="dashboardBackgroundLightningDecals" intensity="0.05" groups="MOTOR_ACTIVE"/>
            <dashboard displayType="EMITTER" valueType="lightState" lightTypes="0" node="dashboardFordDecals" intensity="0.2" groups="MOTOR_ACTIVE"/>
            <dashboard displayType="EMITTER" valueType="lightState" lightTypes="3" node="lightStateDecal" intensity="0.2" baseColor="BLACK" groups="MOTOR_ACTIVE"/>
            <dashboard displayType="EMITTER" valueType="lightState" lightTypes="3" node="lightStateFordDecal" intensity="0.2" baseColor="BLACK" groups="MOTOR_ACTIVE"/>
            <dashboard displayType="EMITTER" valueType="turnLightLeft" node="turnLightLeftDecal" intensity="0.2" baseColor="BLACK" groups="MOTOR_ACTIVE"/>
            <dashboard displayType="EMITTER" valueType="turnLightLeft" node="turnLightLeftFordDecal" emitColor="GREEN" intensity="0.2" baseColor="BLACK" groups="MOTOR_ACTIVE"/>
            <dashboard displayType="EMITTER" valueType="turnLightRight" node="turnLightRightDecal" intensity="0.2" baseColor="BLACK" groups="MOTOR_ACTIVE"/>
            <dashboard displayType="EMITTER" valueType="turnLightRight" node="turnLightRightFordDecal" emitColor="GREEN" intensity="0.2" baseColor="BLACK" groups="MOTOR_ACTIVE"/>
            <dashboard displayType="EMITTER" valueType="turnLightHazard" node="turnLightHazardDecal" intensity="0.2" baseColor="BLACK" groups="MOTOR_ACTIVE"/>
            <dashboard displayType="EMITTER" valueType="turnLightHazard" node="turnLightHazardFordDecal" emitColor="RED" intensity="0.2" baseColor="BLACK" groups="MOTOR_ACTIVE"/>
            <dashboard displayType="ROT" valueType="turnLightHazard" node="turnLightHazardLever" minRot="0 0 0" maxRot="25 0 0" doInterpolation="true" interpolationSpeed="0.003"/>
            <dashboard displayType="ROT" valueType="turnLight" node="turnLightLever" minRot="0 10 0" maxRot="0 -10 0" doInterpolation="true" interpolationSpeed="0.003"/>
            <dashboard displayType="ROT" valueType="lightState" lightTypes="3" node="headLightLever" minRot="0 0 0" maxRot="25 0 0" doInterpolation="true" interpolationSpeed="0.003"/>
            <dashboard displayType="MULTI_STATE" valueType="lightState" node="workLightLever" doInterpolation="true" groups="MOTOR_ACTIVE">
                <state value="0" rotation="10 0 0"/>
                <state value="1" rotation="17 0 0"/>
                <state value="2" rotation="25 0 0"/>
            </dashboard>
        </dashboards>
    </lights>
    <licensePlates>
        <licensePlate node="licensePlateFront" position="FRONT" preferedType="SQUARISH" placementArea="0.08 0.3 0.2 0.3"/>
        <licensePlate node="licensePlateBack" position="BACK" preferedType="ELONGATED" placementArea="0.2 0.35 0.055 0.35"/>
    </licensePlates>
    <attacherJoints comboDuration="2">
        <attacherJoint node="trailerLowAttacherJointBack" rootNode="series1156_back_component2" jointType="trailerLow" lowerRotLimit="25 70 50" upperRotationOffset="0" allowsJointLimitMovement="false" comboTime="1">
            <schema position="1 0" rotation="0" invertX="false"/>
        </attacherJoint>
        <attacherJoint node="trailerAttacherJointBack" rootNode="series1156_back_component2" jointType="trailer" lowerRotLimit="25 70 50" upperRotationOffset="0" allowsJointLimitMovement="false" comboTime="1">
            <schema position="1 0" rotation="0" invertX="false"/>
        </attacherJoint>
        <sounds>
            <attach template="attach01"/>
            <hydraulic template="hydraulicOpen03"/>
        </sounds>
    </attacherJoints>
    <connectionHoses>
        <target attacherJointIndices="1 2" type="hydraulicIn" node="hydraulicIn01"/>
        <target attacherJointIndices="1 2" type="hydraulicOut" node="hydraulicOut01"/>
        <target attacherJointIndices="1 2" type="hydraulicIn" node="hydraulicIn02"/>
        <target attacherJointIndices="1 2" type="hydraulicOut" node="hydraulicOut02"/>
        <target attacherJointIndices="1 2" type="hydraulicIn" node="hydraulicIn03"/>
        <target attacherJointIndices="1 2" type="hydraulicOut" node="hydraulicOut03"/>
        <target attacherJointIndices="1 2" type="hydraulicIn" node="hydraulicIn04"/>
        <target attacherJointIndices="1 2" type="hydraulicOut" node="hydraulicOut04"/>
        <target attacherJointIndices="1 2" type="electric" node="electricOut01" socket="electric"/>
    </connectionHoses>
    <enterable isTabbable="true">
        <enterReferenceNode node="series1156_main_component1"/>
        <exitPoint node="exitPoint"/>
        <cameras>
            <camera node="outdoorCamera" rotatable="true" rotateNode="outdoorCameraTarget" limit="true" useWorldXZRotation="true" rotMinX="-1.4" rotMaxX="1" transMin="5" transMax="45" translation="0 0 8.5" rotation="-18 180 0">
                <raycastNode node="cameraRaycastNode1"/>
                <raycastNode node="cameraRaycastNode2"/>
                <raycastNode node="cameraRaycastNode3"/>
            </camera>
            <camera node="indoorCamera" rotatable="true" limit="true" rotMinX="-1.1" rotMaxX="0.4" transMin="0" transMax="0" useMirror="true" isInside="true" shadowFocusBox="shadowFocusBox" suspensionNodeIndex="1"/>
        </cameras>
        <characterNode node="playerSkin" cameraMinDistance="0.5">
            <target ikChain="leftArm" targetNode="playerLeftHandTarget"/>
            <target ikChain="rightArm" targetNode="playerRightHandTarget"/>
            <target ikChain="leftFoot" targetNode="playerLeftFootTarget"/>
            <target ikChain="rightFoot" targetNode="playerRightFootTarget"/>
        </characterNode>
        <characterTargetNodeModifier node="playerRightFootTarget" transitionTime="0.1">
            <state node="playerRightFootTargetBrake" referenceNode="pedalBrake"/>
        </characterTargetNodeModifier>
        <characterTargetNodeModifier node="playerSkin" transitionTime="0.1">
            <state node="playerSkinLeverGear" referenceNode="leverGear"/>
        </characterTargetNodeModifier>
        <characterTargetNodeModifier node="playerRightHandTarget" transitionTime="0.1">
            <state node="playerRightHandTargetLeverGear" referenceNode="leverGear"/>
        </characterTargetNodeModifier>
        <mirrors>
            <mirror node="mirrorInterior_decal" prio="1"/>
        </mirrors>
        <dashboards>
            <dashboard displayType="TEXT" valueType="operatingTime" node="numbersOperatingHours" textColor="WHITE" textScaleX="1.12" hiddenColor="WHITE" emissiveScale="0" textMask="0000.0" precision="0" textSize="0.004" textAlignment="RIGHT" font="DIGIT"/>
            <dashboard displayType="TEXT" valueType="operatingTime" node="numbersOperatingHoursFord" textColor="WHITE" textScaleX="1.12" hiddenColor="WHITE" emissiveScale="0" textMask="0000.0" precision="0" textSize="0.009" textAlignment="RIGHT" font="DIGIT"/>
            <dashboard displayType="TEXT" valueType="time" node="numbersTime" textColor="BLACK" textScaleX="1" hiddenColor="BLACK" emissiveScale="0" textMask="00:00" precision="0" textSize="0.01" textAlignment="CENTER" font="DIGIT"/>
        </dashboards>
    </enterable>
    <motorized>
        <consumerConfigurations>
            <consumerConfiguration>
                <consumer fillUnitIndex="1" usage="188" fillType="diesel"/>
                <!-- usage is per hour at max load and max rpm -->
            </consumerConfiguration>
        </consumerConfigurations>
        <differentialConfigurations>
            <differentialConfiguration>
                <differentials>
                    <differential torqueRatio="0.5" maxSpeedRatio="1.6" wheelIndex1="1" wheelIndex2="2"/>
                    <differential torqueRatio="0.5" maxSpeedRatio="1.6" wheelIndex1="3" wheelIndex2="4"/>
                    <differential torqueRatio="0.5" maxSpeedRatio="1.3" differentialIndex1="1" differentialIndex2="2"/>
                </differentials>
            </differentialConfiguration>
        </differentialConfigurations>
        <animationNodes>
            <animationNode node="engineFan" rotSpeed="-600" rotAxis="3" turnOnFadeTime="2" turnOffFadeTime="4"/>
        </animationNodes>
        <motorConfigurations>
            <motorConfiguration name="1156" hp="470" price="0">
                <motor torqueScale="2.079" minRpm="850" maxRpm="2100" maxForwardSpeed="24.4" maxBackwardSpeed="11.4" brakeForce="9" lowBrakeForceScale="0.1" dampingRateScale="2.2">
                    <torque normRpm="0.45" torque="0.90"/>
                    <torque normRpm="0.50" torque="0.97"/>
                    <torque normRpm="0.59" torque="1.00"/>
                    <torque normRpm="0.72" torque="1.00"/>
                    <torque normRpm="0.86" torque="0.88"/>
                    <torque normRpm="1.00" torque="0.72"/>
                </motor>
                <transmission autoGearChangeTime="0.3" gearChangeTime="0.3" name="$l10n_info_transmission_manual" axleRatio="1" startGearThreshold="0.7">
                    <directionChange useGroup="true"/>
                    <groups type="DEFAULT" changeTime="0.3">
                        <group ratio="-0.469" name="R"/>
                        <group ratio="0.407" name="1"/>
                        <group ratio="1.000" name="2"/>
                    </groups>
                    <forwardGear maxSpeed="11.3"/>
                    <forwardGear maxSpeed="13.9"/>
                    <forwardGear maxSpeed="19.8"/>
                    <forwardGear maxSpeed="24.3"/>
                </transmission>
            </motorConfiguration>
        </motorConfigurations>
        <gearLevers>
            <gearLever node="leverGear" centerAxis="2" changeTime="0.3" handsOnDelay="0.2">
                <state gear="1" xRot="0" yRot="0"/>
                <state gear="2" xRot="-10" yRot="0"/>
                <state gear="3" xRot="-30" yRot="0"/>
                <state gear="4" xRot="-45" yRot="0"/>
            </gearLever>
            <gearLever node="leverGroup" centerAxis="1" changeTime="0.5" handsOnDelay="0.2">
                <state group="1" xRot="-6" yRot="0" zRot="-6"/>
                <state group="2" xRot="6" yRot="0" zRot="-6"/>
                <state group="3" xRot="6" yRot="0" zRot="6"/>
            </gearLever>
        </gearLevers>
        <exhaustEffects>
            <exhaustEffect node="exhaustParticle" filename="$data/effects/exhaust/exhaust.i3d" minRpmColor="0.9 0.9 0.9 0.1" maxRpmColor="0.9 0.9 0.9 0.4" minRpmScale="0.05" maxRpmScale="0.5"/>
        </exhaustEffects>
        <motorStartDuration>3000</motorStartDuration>
        <dashboards>
            <dashboard displayType="MULTI_STATE" valueType="ignitionState" node="keyIgnition" doInterpolation="true" groups="MOTOR_ACTIVE">
                <state value="0" rotation="0 0 0"/>
                <state value="1" rotation="0 0 -80"/>
                <state value="2" rotation="0 0 -50"/>
            </dashboard>
            <dashboard displayType="MULTI_STATE" valueType="ignitionState" node="coldStartButton" doInterpolation="true" groups="MOTOR_ACTIVE">
                <state value="0" rotation="0 0 0"/>
                <state value="1" rotation="25 0 0"/>
                <state value="2" rotation="0 0 0"/>
            </dashboard>
            <dashboard displayType="MULTI_STATE" valueType="ignitionState" node="parkingBrakePart01" doInterpolation="true" groups="MOTOR_ACTIVE">
                <state value="0" rotation="0 0 0"/>
                <state value="1" rotation="0 0 0"/>
                <state value="2" rotation="50 0 0"/>
            </dashboard>
            <dashboard displayType="ROT" valueType="battery" node="needleBattery" minRot="0 0 0" maxRot="0 0 -50" doInterpolation="true" groups="MOTOR_ACTIVE"/>
            <dashboard displayType="ROT" valueType="motorTemperature" node="needleTemperature01" minRot="0 0 0" maxRot="0 0 -40" minValueRot="20" maxValueRot="25" doInterpolation="true" groups="MOTOR_ACTIVE"/>
            <dashboard displayType="ROT" valueType="motorTemperature" node="needleTemperature02" minRot="0 0 0" maxRot="0 0 -45" minValueRot="0" maxValueRot="120" doInterpolation="true" groups="MOTOR_ACTIVE"/>
            <dashboard displayType="ROT" valueType="rpm" node="needleRpm" minRot="0 0 0" maxRot="0 0 -257" minValueRot="0" maxValueRot="3000" doInterpolation="true" groups="MOTOR_ACTIVE"/>
            <dashboard displayType="ROT" valueType="rpm" node="leverGas" minRot="0 0 0" maxRot="0 0 23" minValueRot="700" maxValueRot="2250" doInterpolation="true" groups="MOTOR_ACTIVE"/>
            <dashboard displayType="SLIDER" valueType="battery" node="sliderBatteryDecals" minValueSlider="0" maxValueSlider="15" groups="MOTOR_ACTIVE"/>
            <dashboard displayType="SLIDER" valueType="motorTemperature" node="sliderTemperature01Decals" minValueSlider="0" maxValueSlider="140" groups="MOTOR_ACTIVE"/>
            <dashboard displayType="SLIDER" valueType="motorTemperature" node="sliderTemperature02Decals" minValueSlider="0" maxValueSlider="120" groups="MOTOR_ACTIVE"/>
            <dashboard displayType="SLIDER" valueType="rpm" node="sliderSpeedDecal" minValueSlider="0" maxValueSlider="2500" groups="MOTOR_ACTIVE"/>
            <dashboard displayType="TEXT" valueType="speed" node="numbersRpm" textColor="BLACK" textScaleX="1" hiddenColor="BLACK" emissiveScale="0" textMask="00.0" precision="0" textSize="0.013" textAlignment="CENTER" font="DIGIT"/>
        </dashboards>
    </motorized>
    <suspensions>
        <suspension node="seat" weight="150" minTranslation="0 -0.05 0" maxTranslation="0 0.15 0" suspensionParametersX="20 4" suspensionParametersY="5 1" suspensionParametersZ="20 4" startTranslationOffset="0 -0.05 0"/>
        <suspension useCharacterTorso="true" weight="90" minRotation="0 -5 -5" maxRotation="0 5 5" suspensionParametersY="7 1" suspensionParametersZ="7 1"/>
    </suspensions>
    <drivable>
        <steeringWheel node="steeringWheel" indoorRotation="540" outdoorRotation="15"/>
        <dashboards>
            <dashboard displayType="ROT" valueType="decelerationAxis" node="pedalBrake" minRot="0 0 0" maxRot="-15 0 0" doInterpolation="true"/>
        </dashboards>
        <sounds>
            <waterSplash template="waterSplash01"/>
        </sounds>
    </drivable>
    <fillUnit>
        <fillUnitConfigurations>
            <fillUnitConfiguration>
                <fillUnits>
                    <fillUnit unitTextOverride="$l10n_unit_literShort" showOnHud="false" showInShop="false" fillTypes="diesel" capacity="1500">
                        <exactFillRootNode node="exactFillRootNodeFuel"/>
                        <dashboard displayType="ROT" valueType="fillLevel" node="needleFillLevel" minRot="0 0 0" maxRot="0 0 -80" doInterpolation="true" groups="MOTOR_ACTIVE"/>
                        <dashboard displayType="SLIDER" valueType="fillLevel" node="sliderFillLevel" groups="MOTOR_ACTIVE"/>
                    </fillUnit>
                </fillUnits>
            </fillUnitConfiguration>
        </fillUnitConfigurations>
    </fillUnit>
    <wipers>
        <wiper animName="wiperFrontAnim">
            <state animSpeed="1.0" animPause="2.0"/>
            <state animSpeed="1.0" animPause="0.0"/>
            <state animSpeed="1.5" animPause="0.0"/>
        </wiper>
        <wiper animName="wiperBackAnim">
            <state animSpeed="1.0" animPause="2.0"/>
        </wiper>
        <dashboards>
            <dashboard displayType="MULTI_STATE" valueType="state" node="wiperLever" doInterpolation="true" groups="MOTOR_ACTIVE">
                <state value="0" rotation="0 0 0"/>
                <state value="1" rotation="0 0 30"/>
                <state value="2" rotation="0 0 50"/>
                <state value="3" rotation="0 0 70"/>
            </dashboard>
        </dashboards>
    </wipers>
    <animations>
        <animation name="wiperFrontAnim" isKeyframe="true">
            <part node="wiperFront" startTime="0.0" endTime="0.5" startRot="0 0 0" endRot="0 -1.5 -45"/>
            <part node="wiperFront" startTime="0.5" endTime="1.0" startRot="0 -1.5 -45" endRot="0 0 -90"/>
            <sound template="wiper1" startTime="0" endTime="1" direction="1" volumeScale="0.6" pitchScale="0.8" fadeOut="0.1" linkNode="wiperFront"/>
            <sound template="wiper2" startTime="0" endTime="1" direction="-1" volumeScale="0.6" pitchScale="0.8" fadeOut="0.1" linkNode="wiperFront"/>
        </animation>
        <animation name="wiperBackAnim" isKeyframe="true">
            <part node="wiperBack" startTime="0" endTime="1" startRot="0 0 0" endRot="0 0 77"/>
            <sound template="wiper1" startTime="0" endTime="1" direction="1" volumeScale="0.6" pitchScale="0.8" fadeOut="0.1" linkNode="wiperBack"/>
            <sound template="wiper2" startTime="0" endTime="1" direction="-1" volumeScale="0.6" pitchScale="0.8" fadeOut="0.1" linkNode="wiperBack"/>
        </animation>
    </animations>
    <cylindered>
        <movingParts>
            <movingPart node="steeringLeftHydraulic" referencePoint="steeringLeftHydraulicRef" referenceFrame="steeringLeftHydraulicRef" isActiveDirty="true" maxUpdateDistance="100">
                <translatingPart node="steeringLeftHydraulicPunch"/>
            </movingPart>
            <movingPart node="steeringRightHydraulic" referencePoint="steeringRightHydraulicRef" referenceFrame="steeringRightHydraulicRef" isActiveDirty="true" maxUpdateDistance="100">
                <translatingPart node="steeringRightHydraulicPunch"/>
            </movingPart>
            <movingPart node="kardanConnection" referencePoint="kardanConnectionRef" referenceFrame="kardanConnectionRef" isActiveDirty="true" maxUpdateDistance="100">
                <translatingPart node="kardanConnectionPunch"/>
            </movingPart>
        </movingParts>
    </cylindered>
    <ai>
        <agent/>
        <collisionTrigger useSize="true"/>
    </ai>
    <dashboard>
        <groups>
            <group name="MOTOR_STARTING" electronicsStarting="true"/>
            <group name="MOTOR_ACTIVE" electronicsStarting="true" electronicsRunning="true"/>
            <group name="MOTOR_RUNNING" electronicsRunning="true"/>
        </groups>
        <default>
            <dashboard displayType="EMITTER" node="engineStartingDecals" baseColor="BLACK" intensity="0.2" groups="MOTOR_STARTING"/>
            <dashboard displayType="EMITTER" node="engineStartingFord2Decals" baseColor="BLACK" emitColor="RED" intensity="0.2" groups="MOTOR_STARTING"/>
            <dashboard displayType="EMITTER" node="radioDecals" intensity="0.2" groups="MOTOR_ACTIVE"/>
        </default>
    </dashboard>
    <foliageBending>
        <bendingNode wheelIndices="1 2" minZ="-0.8" maxZ="2.15" yOffset="0.5"/>
        <bendingNode wheelIndices="3 4" minZ="-1.3" maxZ="1.3" yOffset="-0.645" node="series1156_back_component2"/>
        <bendingNode minX="-0.57" maxX="0.57" minZ="2.15" maxZ="3.45" yOffset="0.9"/>
    </foliageBending>
    <wearable wearDuration="480" workMultiplier="5" fieldMultiplier="2"/>
    <washable dirtDuration="90" washDuration="1" workMultiplier="3" fieldMultiplier="2"/>
    <i3dMappings>
        <i3dMapping id="series1156_main_component1" node="0>"/>
        <i3dMapping id="wheelFrontLeft" node="0>0|0|0"/>
        <i3dMapping id="wheelFrontRight" node="0>0|0|1"/>
        <i3dMapping id="staticLightFront" node="0>0|1|0|0"/>
        <i3dMapping id="staticLightFrontGlass" node="0>0|1|0|1"/>
        <i3dMapping id="frontLightLow" node="0>0|1|1|0"/>
        <i3dMapping id="highBeamLow" node="0>0|1|1|1"/>
        <i3dMapping id="frontLightHigh" node="0>0|1|1|2"/>
        <i3dMapping id="highBeamHigh" node="0>0|1|1|3"/>
        <i3dMapping id="workLightFrontLow" node="0>0|1|2|0"/>
        <i3dMapping id="workLightFrontHigh" node="0>0|1|2|1"/>
        <i3dMapping id="turnLightLeftFront" node="0>0|1|3|0"/>
        <i3dMapping id="turnLightRightFront" node="0>0|1|3|1"/>
        <i3dMapping id="outdoorCameraTarget" node="0>0|2|0"/>
        <i3dMapping id="outdoorCamera" node="0>0|2|0|0"/>
        <i3dMapping id="indoorCamera" node="0>0|2|1"/>
        <i3dMapping id="cameraRaycastNode1" node="0>0|2|2"/>
        <i3dMapping id="cameraRaycastNode2" node="0>0|2|3"/>
        <i3dMapping id="cameraRaycastNode3" node="0>0|2|4"/>
        <i3dMapping id="shadowFocusBox" node="0>0|2|5"/>
        <i3dMapping id="exitPoint" node="0>0|3"/>
        <i3dMapping id="exhaustParticle" node="0>0|4"/>
        <i3dMapping id="exactFillRootNodeFuel" node="0>0|5|0"/>
        <i3dMapping id="licensePlateFront" node="0>0|6"/>
        <i3dMapping id="steeringWheel" node="0>0|7|0|0|0"/>
        <i3dMapping id="playerLeftHandTarget" node="0>0|7|0|0|0|0"/>
        <i3dMapping id="playerRightHandTarget" node="0>0|7|0|0|0|1"/>
        <i3dMapping id="turnLightLever" node="0>0|7|0|1|0"/>
        <i3dMapping id="wiperLever" node="0>0|7|0|1|0|0"/>
        <i3dMapping id="keyIgnition" node="0>0|7|0|2|0"/>
        <i3dMapping id="seat" node="0>0|7|1|0"/>
        <i3dMapping id="playerSkin" node="0>0|7|1|0|0"/>
        <i3dMapping id="playerSkinLeverGear" node="0>0|7|1|0|3"/>
        <i3dMapping id="wiperBack" node="0>0|7|2|0|0"/>
        <i3dMapping id="wiperFront" node="0>0|7|2|1|0"/>
        <i3dMapping id="mirrorInterior_decal" node="0>0|7|3|0"/>
        <i3dMapping id="playerRightFootTarget" node="0>0|7|6|0"/>
        <i3dMapping id="playerLeftFootTarget" node="0>0|7|6|1"/>
        <i3dMapping id="pedalBrake" node="0>0|7|7|0|0"/>
        <i3dMapping id="playerRightFootTargetBrake" node="0>0|7|7|0|0|0"/>
        <i3dMapping id="radioDecals" node="0>0|7|8|3"/>
        <i3dMapping id="turnLightHazardLever" node="0>0|7|9|0"/>
        <i3dMapping id="headLightLever" node="0>0|7|9|1"/>
        <i3dMapping id="workLightLever" node="0>0|7|9|2"/>
        <i3dMapping id="coldStartButton" node="0>0|7|9|3"/>
        <i3dMapping id="parkingBrakePart01" node="0>0|7|9|4"/>
        <i3dMapping id="leverGas" node="0>0|7|9|5|0"/>
        <i3dMapping id="leverGroup" node="0>0|7|9|6"/>
        <i3dMapping id="leverGear" node="0>0|7|9|7|0"/>
        <i3dMapping id="playerRightHandTargetLeverGear" node="0>0|7|9|7|0|0"/>
        <i3dMapping id="kardanFront01" node="0>0|8|0|0"/>
        <i3dMapping id="kardanFront02" node="0>0|8|1|0"/>
        <i3dMapping id="kardanFront03" node="0>0|8|2|0"/>
        <i3dMapping id="kardanFront04" node="0>0|8|3|0"/>
        <i3dMapping id="kardanConnectionRot" node="0>0|8|4|0"/>
        <i3dMapping id="kardanConnection" node="0>0|8|4|0|0"/>
        <i3dMapping id="kardanConnectionPunch" node="0>0|8|4|0|0|0"/>
        <i3dMapping id="kardanFront05" node="0>0|8|5|0"/>
        <i3dMapping id="engineFan" node="0>0|8|6"/>
        <i3dMapping id="steeringLeftHydraulic" node="0>0|8|7"/>
        <i3dMapping id="steeringLeftHydraulicPunch" node="0>0|8|7|0"/>
        <i3dMapping id="steeringRightHydraulic" node="0>0|8|8"/>
        <i3dMapping id="steeringRightHydraulicPunch" node="0>0|8|8|0"/>
        <i3dMapping id="configuration_fordFront" node="0>0|9|0"/>
        <i3dMapping id="dashboardFordDecals" node="0>0|9|0|0"/>
        <i3dMapping id="engineStartingFord2Decals" node="0>0|9|0|1"/>
        <i3dMapping id="turnLightLeftFordDecal" node="0>0|9|0|2"/>
        <i3dMapping id="turnLightRightFordDecal" node="0>0|9|0|3"/>
        <i3dMapping id="lightStateFordDecal" node="0>0|9|0|4"/>
        <i3dMapping id="turnLightHazardFordDecal" node="0>0|9|0|5"/>
        <i3dMapping id="numbersOperatingHoursFord" node="0>0|9|0|6"/>
        <i3dMapping id="sliderBatteryDecals" node="0>0|9|0|8"/>
        <i3dMapping id="sliderTemperature01Decals" node="0>0|9|0|9"/>
        <i3dMapping id="sliderTemperature02Decals" node="0>0|9|0|10"/>
        <i3dMapping id="sliderFillLevel" node="0>0|9|0|11"/>
        <i3dMapping id="numbersRpm" node="0>0|9|0|12"/>
        <i3dMapping id="sliderSpeedDecal" node="0>0|9|0|13"/>
        <i3dMapping id="numbersTime" node="0>0|9|0|14"/>
        <i3dMapping id="configuration_versatileFront" node="0>0|9|1"/>
        <i3dMapping id="needleBattery" node="0>0|9|1|0|0"/>
        <i3dMapping id="needleTemperature02" node="0>0|9|1|1|0"/>
        <i3dMapping id="needleTemperature01" node="0>0|9|1|2|0"/>
        <i3dMapping id="needleRpm" node="0>0|9|1|3|0"/>
        <i3dMapping id="needleFillLevel" node="0>0|9|1|4|0"/>
        <i3dMapping id="engineStartingDecals" node="0>0|9|1|5"/>
        <i3dMapping id="dashboardBackgroundLightningDecals" node="0>0|9|1|6"/>
        <i3dMapping id="numbersOperatingHours" node="0>0|9|1|6|0"/>
        <i3dMapping id="lightStateDecal" node="0>0|9|1|7"/>
        <i3dMapping id="turnLightLeftDecal" node="0>0|9|1|8"/>
        <i3dMapping id="turnLightRightDecal" node="0>0|9|1|9"/>
        <i3dMapping id="turnLightHazardDecal" node="0>0|9|1|10"/>
        <i3dMapping id="interiorScreenLight" node="0>0|9|1|12"/>
        <i3dMapping id="cropSensorTop" node="0>0|9|2|0"/>
        <i3dMapping id="cropSensorLeft" node="0>0|9|2|1"/>
        <i3dMapping id="cropSensorRight" node="0>0|9|2|2"/>
        <i3dMapping id="componentJointBack" node="0>0|10"/>
        <i3dMapping id="series1156_back_component2" node="1>"/>
        <i3dMapping id="wheelBackLeft" node="1>0|0|0"/>
        <i3dMapping id="wheelBackRight" node="1>0|0|1"/>
        <i3dMapping id="staticLightBack" node="1>0|1|0|0"/>
        <i3dMapping id="staticLightBackGlass" node="1>0|1|0|1"/>
        <i3dMapping id="workLightBackLow" node="1>0|1|1|0"/>
        <i3dMapping id="workLightBackHigh" node="1>0|1|1|1"/>
        <i3dMapping id="backLightsHigh" node="1>0|1|2|0"/>
        <i3dMapping id="hydraulicIn01" node="1>0|2|0"/>
        <i3dMapping id="hydraulicIn02" node="1>0|2|1"/>
        <i3dMapping id="hydraulicIn03" node="1>0|2|2"/>
        <i3dMapping id="hydraulicIn04" node="1>0|2|3"/>
        <i3dMapping id="hydraulicOut01" node="1>0|2|4"/>
        <i3dMapping id="hydraulicOut02" node="1>0|2|5"/>
        <i3dMapping id="hydraulicOut03" node="1>0|2|6"/>
        <i3dMapping id="hydraulicOut04" node="1>0|2|7"/>
        <i3dMapping id="electricOut01" node="1>0|2|8"/>
        <i3dMapping id="aiReverserNode" node="1>0|3"/>
        <i3dMapping id="licensePlateBack" node="1>0|4"/>
        <i3dMapping id="trailerAttacherJointBack" node="1>0|5"/>
        <i3dMapping id="trailerLowAttacherJointBack" node="1>0|6"/>
        <i3dMapping id="kardanBackPart01" node="1>0|7|0|0"/>
        <i3dMapping id="kardanBackPart02" node="1>0|7|1|0"/>
        <i3dMapping id="kardanConnectionRef" node="1>0|7|1|0|0"/>
        <i3dMapping id="steeringLeftHydraulicRef" node="1>0|7|2"/>
        <i3dMapping id="steeringRightHydraulicRef" node="1>0|7|3"/>
        <i3dMapping id="config_weightBack400" node="1>0|8|0"/>
        <i3dMapping id="config_weightBack1000" node="1>0|8|1"/>
        <i3dMapping id="config_weightBack1600" node="1>0|8|2"/>
        <i3dMapping id="config_weightBack2000" node="1>0|8|3"/>
    </i3dMappings>
</vehicle>