<?xml version="1.0" encoding="utf-8" standalone="no" ?>
<vehicle type="plowPacker" xmlns:xsi="http://www.w3.org/2001/XMLSchema-instance" xsi:noNamespaceSchemaLocation="../../../../shared/xml/schema/vehicle.xsd">

    <MR>true</MR>
    <mrPowerConsumer checkPointWorkAreaStartAndHeightOnly="true" />

    <!--
        base weight = 1600kg

        working width 2.5m / 5 shares => 20 inches settings

    -->

    <parentFile xmlFilename="$data/vehicles/agromasz/pov5xl/pov5xl.xml">
        <attributes>

            <set path="vehicle.base.speedLimit#value" value="15"/>

            <set path="vehicle.base.components.component(0)#centerOfMass" value="-0.576 0.86 0"/>
            <set path="vehicle.base.components.component(0)#mass" value="1570"/>

            <set path="vehicle.powerConsumer#maxForce" value="25" />

            <set path="vehicle.attachable.inputAttacherJoints.inputAttacherJoint(0)#upperRotationOffset" value="20" />
            <set path="vehicle.attachable.inputAttacherJoints.inputAttacherJoint(0).distanceToGround#upper" value="0.8" />

        </attributes>
    </parentFile>

</vehicle>